SALE TYPE,SOLD DATE,PROPERTY TYPE,ADDRESS,CITY,STATE OR PROVINCE,ZIP OR POSTAL CODE,PRICE,BEDS,BATHS,LOCATION,SQUARE FEET,LOT SIZE,YEAR BUILT,DAYS ON MARKET,$/SQUARE FEET,HOA/MONTH,STATUS,NEXT OPEN HOUSE START TIME,NEXT OPEN HOUSE END TIME,URL (SEE http://www.redfin.com/buy-a-home/comparative-market-analysis FOR INFO ON PRICING),SOURCE,MLS#,FAVORITE,INTERESTED,LATITUDE,LONGITUDE
PAST SALE,May-31-2019,Townhouse,1035 156th Ave NE #36,Bellevue,WA,98007,605000,2,2.25,Bellevue,1548,174514,1972,122,391,400,Sold,,,http://www.redfin.com/WA/Bellevue/1035-156th-Ave-NE-98007/unit-36/home/7587,NWMLS,1447756,N,Y,47.6192618,-122.1353527
PAST SALE,July-22-2019,Single Family Residential,1406 151st Ave SE,Bellevue,WA,98007,774000,3,2.5,Robinswood,2160,7560,1961,70,358,,Sold,,,http://www.redfin.com/WA/Bellevue/1406-151st-Ave-SE-98007/home/426280,NWMLS,1453138,N,Y,47.5972763,-122.1368036
PAST SALE,March-1-2019,Condo/Co-op,3930 Lake Washington Blvd SE Unit 8A,Bellevue,WA,98006,335000,2,1.75,Bellevue,880,93900,1973,213,381,400,Sold,,,http://www.redfin.com/WA/Bellevue/3930-Lake-Washington-Blvd-SE-98006/unit-8A/home/61517,NWMLS,1409458,N,Y,47.5752101,-122.1815441
PAST SALE,May-13-2019,Condo/Co-op,701 122nd Ave NE #202,Bellevue,WA,98005,475000,2,1.0,Bellevue,887,68240,1968,140,536,576,Sold,,,http://www.redfin.com/WA/Bellevue/701-122nd-Ave-NE-98005/unit-202/home/22692473,NWMLS,1437576,N,Y,47.6157846,-122.1783203
PAST SALE,June-19-2019,Condo/Co-op,14735 NE 31st St Unit 2C,Bellevue,WA,98007,396000,2,1.0,Bellevue,1087,395028,1978,103,364,402,Sold,,,http://www.redfin.com/WA/Bellevue/14735-NE-31st-St-98007/unit-2C/home/98693881,NWMLS,1464885,N,Y,47.6376559,-122.1478317
PAST SALE,January-30-2019,Single Family Residential,2916 161st Ave SE,Bellevue,WA,98008,795000,3,1.75,Bellevue,1560,8353,1967,243,510,,Sold,,,http://www.redfin.com/WA/Bellevue/2916-161st-Ave-SE-98008/home/429222,NWMLS,1397045,N,Y,47.5839968,-122.1243366
PAST SALE,February-27-2019,Condo/Co-op,14518 NE 30th Pl Unit A15,Bellevue,WA,98007,373000,2,1.0,Microsoft,908,395028,1978,215,411,380,Sold,,,http://www.redfin.com/WA/Bellevue/14518-NE-30th-Pl-98007/unit-15A/home/40571,NWMLS,1404014,N,Y,47.6373627,-122.1457389
PAST SALE,April-16-2019,Single Family Residential,7339 168th Ave SE,Bellevue,WA,98006,1675000,5,4.25,Cougar Mountain,4112,11756,2014,167,407,173,Sold,,,http://www.redfin.com/WA/Bellevue/7339-168th-Ave-SE-98006/home/22222119,NWMLS,1369169,N,Y,47.5370144,-122.1154847
PAST SALE,September-6-2019,Single Family Residential,16609 SE 43rd St,Bellevue,WA,98006,863000,3,1.75,Bellevue,2050,27465,1954,24,421,,Sold,,,http://www.redfin.com/WA/Bellevue/16609-SE-43rd-St-98006/home/235591,NWMLS,1478655,N,Y,47.5685659,-122.118625
PAST SALE,September-17-2019,Single Family Residential,14419 SE 14th St,Bellevue,WA,98007,780000,4,1.75,Bellevue,1430,8840,1955,13,545,,Sold,,,http://www.redfin.com/WA/Bellevue/14419-SE-14th-St-98007/home/425542,NWMLS,1501731,N,Y,47.5980633,-122.146105
PAST SALE,October-11-2018,Single Family Residential,2601 W Lake Sammamish Pkwy SE,Bellevue,WA,98008,910000,3,2.25,West Lake Sammamish,2013,12296,1968,354,452,13,Sold,,,http://www.redfin.com/WA/Bellevue/2601-W-Lake-Sammamish-Pkwy-SE-98008/home/428174,NWMLS,1327094,N,Y,47.5860099,-122.1117462
PAST SALE,May-24-2019,Townhouse,6505 SE Cougar Mountain Way #1,Bellevue,WA,98006,450000,3,2.0,Lakemont,1050,872942,1995,129,429,281,Sold,,,http://www.redfin.com/WA/Bellevue/6505-SE-Cougar-Mountain-Way-98006/unit-1/home/36856,NWMLS,1441863,N,Y,47.5430145,-122.1271531
PAST SALE,December-14-2018,Condo/Co-op,16225 NE 12th Ct Unit F82,Bellevue,WA,98008,370000,3,2.0,Bellevue,1052,159466,1979,290,352,436,Sold,,,http://www.redfin.com/WA/Bellevue/16225-NE-12th-Ct-98008/unit-F82/home/47207,NWMLS,1342119,N,Y,47.6210625,-122.123337
PAST SALE,October-22-2018,Single Family Residential,4829 171st Ave SE,Bellevue,WA,98006,1105000,4,2.5,Lakemont,2580,8767,1992,343,428,,Sold,,,http://www.redfin.com/WA/Bellevue/4829-171st-Ave-SE-98006/home/236237,NWMLS,1343934,N,Y,47.5587648,-122.115693
PAST SALE,August-16-2019,Condo/Co-op,811 126th Pl NE Unit A105,Bellevue,WA,98005,300000,1,1.0,Bellevue,678,301850,1969,45,442,295,Sold,,,http://www.redfin.com/WA/Bellevue/811-126th-Pl-NE-98005/unit-A105/home/6179,NWMLS,1482498,N,Y,47.6180426,-122.1703931
PAST SALE,January-18-2019,Single Family Residential,6459 112th Ave SE,Newcastle,WA,98056,755000,2,2.5,Newcastle,2137,97300,2001,255,353,612,Sold,,,http://www.redfin.com/WA/Newcastle/6459-112th-Ave-SE-98056/home/146415025,NWMLS,1328439,N,Y,47.5445141,-122.1909152
PAST SALE,May-20-2019,Single Family Residential,11021 SE 64th St,Newcastle,WA,98056,1632500,5,4.5,Newcastle,4670,14473,2007,133,350,,Sold,,,http://www.redfin.com/WA/Newcastle/11021-SE-64th-St-98056/home/413158,NWMLS,1421229,N,Y,47.5455454,-122.1925693
PAST SALE,May-24-2019,Single Family Residential,15026 SE 44th St,Bellevue,WA,98006,758000,4,1.75,Eastgate,2110,10380,1954,129,359,,Sold,,,http://www.redfin.com/WA/Bellevue/15026-SE-44-St-98006/home/237458,NWMLS,1441875,N,Y,47.5680003,-122.1410606
PAST SALE,June-25-2019,Condo/Co-op,10700 NE 4th St #802,Bellevue,WA,98004,1210000,2,2.5,Bellevue,1677,105864,2008,97,722,1028,Sold,,,http://www.redfin.com/WA/Bellevue/10700-NE-4th-St-98004/unit-802/home/21883196,NWMLS,1453654,N,Y,47.6143359,-122.1980565
PAST SALE,May-17-2019,Condo/Co-op,10306 NE 16th St Unit P5,Bellevue,WA,98004,586000,3,1.75,Bellevue,1300,343688,1974,136,451,676,Sold,,,http://www.redfin.com/WA/Bellevue/10306-NE-16th-St-98004/unit-P5/home/12361,NWMLS,1440772,N,Y,47.6248271,-122.2031436
PAST SALE,September-18-2019,Townhouse,1717 150th Ave SE #7,Bellevue,WA,98007,526500,3,2.5,Bellevue,1408,104666,1968,12,374,360,Sold,,,http://www.redfin.com/WA/Bellevue/1717-150th-Ave-SE-98007/unit-7/home/68259,NWMLS,1495399,N,Y,47.5949245,-122.1407292
PAST SALE,August-12-2019,Townhouse,14603 NE 35th St #10,Bellevue,WA,98007,479000,2,1.5,Bellevue,1131,198488,1979,49,424,300,Sold,,,http://www.redfin.com/WA/Bellevue/14603-NE-35th-St-98007/unit-10/home/46656,NWMLS,1487758,N,Y,47.6409744,-122.1444117
PAST SALE,October-5-2018,Single Family Residential,1218 146th Ave SE,Bellevue,WA,98007,803500,3,2.5,Lake Hills,1710,7920,1955,360,470,,Sold,,,http://www.redfin.com/WA/Bellevue/1218-146th-Ave-SE-98007/home/426962,NWMLS,1351454,N,Y,47.5994785,-122.1443826
PAST SALE,May-8-2019,Condo/Co-op,14630 NE 35th St #203,Bellevue,WA,98007,383000,2,1.5,Bellevue,857,40392,1980,145,447,435,Sold,,,http://www.redfin.com/WA/Bellevue/14630-NE-35th-St-98007/unit-203/home/71874,NWMLS,1434696,N,Y,47.6419658,-122.1453234
PAST SALE,October-18-2018,Single Family Residential,4131 131st Ave SE,Bellevue,WA,98006,1510000,4,3.5,Somerset,3933,9981,2001,347,384,,Sold,,,http://www.redfin.com/WA/Bellevue/4131-131st-Ave-SE-98006/home/234150,NWMLS,1342083,N,Y,47.5726927,-122.1655124
PAST SALE,July-2-2019,Single Family Residential,3908 161st Ave SE,Bellevue,WA,98006,685000,3,1.5,Eastgate,1380,19162,1962,90,496,,Sold,,,http://www.redfin.com/WA/Bellevue/3908-161st-Ave-SE-98006/home/234649,NWMLS,1449379,N,Y,47.5749749,-122.1257274
PAST SALE,August-21-2019,Condo/Co-op,1007 156th Ave NE Unit B215,Bellevue,WA,98007,439000,2,2.0,Bellevue,915,95849,1986,40,480,451,Sold,,,http://www.redfin.com/WA/Bellevue/1007-156th-Ave-NE-98007/unit-B215/home/2067590,NWMLS,1486722,N,Y,47.619172,-122.1335726
PAST SALE,July-9-2019,Single Family Residential,4106 163rd Ave SE,Bellevue,WA,98006,940000,4,3.5,Bellevue,3370,12360,1986,83,279,,Sold,,,http://www.redfin.com/WA/Bellevue/4106-163rd-Ave-SE-98006/home/239252,NWMLS,1459366,N,Y,47.5721066,-122.1223323
PAST SALE,June-18-2019,Single Family Residential,5317 125th Ave SE,Bellevue,WA,98006,868000,4,2.5,Bellevue,2680,14399,1960,104,324,,Sold,,,http://www.redfin.com/WA/Bellevue/5317-125th-Ave-SE-98006/home/417075,NWMLS,1456769,N,Y,47.5548611,-122.1742944
PAST SALE,February-26-2019,Condo/Co-op,14760 NE 31st St Unit A-108,Bellevue,WA,98007,298400,2,1.0,Microsoft,889,435710,1978,216,336,464,Sold,,,http://www.redfin.com/WA/Bellevue/14760-NE-31st-St-98007/unit-A108/home/21675857,NWMLS,1406065,N,Y,47.6381391,-122.1472833
PAST SALE,,Single Family Residential,15243 NE 3rd Pl,Bellevue,WA,98007,825000,4,2.25,,2100,8250,1962,,393,,,,,http://www.redfin.com/WA/Bellevue/15243-NE-3rd-Pl-98007/home/501464,,,N,Y,47.612876,-122.1355818
PAST SALE,April-30-2019,Single Family Residential,12814 NE 5th Pl,Bellevue,WA,98005,1300000,5,2.5,Glendale,3480,16018,1968,153,374,,Sold,,,http://www.redfin.com/WA/Bellevue/12814-NE-5th-Pl-98005/home/508776,NWMLS,1410432,N,Y,47.6152316,-122.1686315
PAST SALE,February-25-2019,Condo/Co-op,680 122nd Ave NE #113,Bellevue,WA,98005,399950,1,1.0,Downtown Bellevue,752,68240,1968,217,532,487,Sold,,,http://www.redfin.com/WA/Bellevue/680-122nd-Ave-NE-98005/unit-113/home/12090643,NWMLS,1402352,N,Y,47.6157846,-122.1783203
PAST SALE,April-22-2019,Single Family Residential,4847 152nd Pl SE,Bellevue,WA,98006,888000,3,1.75,Bellevue,2010,7890,1976,161,442,,Sold,,,http://www.redfin.com/WA/Bellevue/4847-152nd-Pl-SE-98006/home/237581,NWMLS,1419261,N,Y,47.5584357,-122.1377751
PAST SALE,October-5-2018,Townhouse,16332 NE 12th Place Unit A3,Bellevue,WA,98008,905000,3,2.5,Bellevue,1805,47668,2017,360,501,150,Sold,,,http://www.redfin.com/WA/Bellevue/16332-NE-12th-Pl-98008/unit-A3/home/113996637,NWMLS,1326881,N,Y,47.620837,-122.122285
PAST SALE,February-7-2019,Condo/Co-op,300 110th Ave NE #207,Bellevue,WA,98004,483300,1,1.0,Bellevue,761,28011,2001,235,635,325,Sold,,,http://www.redfin.com/WA/Bellevue/300-110th-Ave-NE-98004/unit-207/home/36101,NWMLS,1356813,N,Y,47.6133396,-122.193091
PAST SALE,September-23-2019,Single Family Residential,15834 SE 4th St,Bellevue,WA,98008,679000,5,2.0,Bellevue,2100,8362,1961,7,323,,Sold,,,http://www.redfin.com/WA/Bellevue/15834-SE-4th-St-98008/home/427464,NWMLS,1502217,N,Y,47.6064542,-122.1283677
PAST SALE,August-15-2019,Single Family Residential,1806 138th Pl SE,Bellevue,WA,98005,815000,3,1.75,Bellevue,2120,8954,1966,46,384,,Sold,,,http://www.redfin.com/WA/Bellevue/1806-138th-Pl-SE-98005/home/508919,NWMLS,1488523,N,Y,47.5939274,-122.1548813
PAST SALE,November-6-2018,Condo/Co-op,10700 NE 4th St #614,Bellevue,WA,98004,730000,1,1.0,Downtown,1057,105864,2008,328,691,635,Sold,,,http://www.redfin.com/WA/Bellevue/10700-NE-4th-St-98004/unit-614/home/21882158,NWMLS,1357899,N,Y,47.6143359,-122.1980565
PAST SALE,April-11-2019,Single Family Residential,16629 NE 30th St,Bellevue,WA,98008,887000,4,2.75,Microsoft,2080,7700,1965,172,426,,Sold,,,http://www.redfin.com/WA/Bellevue/16629-NE-30th-St-98008/home/432188,NWMLS,1421240,N,Y,47.6366282,-122.117737
PAST SALE,July-31-2019,Single Family Residential,4269 135th Pl SE,Bellevue,WA,98006,850000,4,2.25,Bellevue,2080,7398,1965,61,409,,Sold,,,http://www.redfin.com/WA/Bellevue/4269-135th-Pl-SE-98006/home/234189,NWMLS,1465716,N,Y,47.5712323,-122.1595336
PAST SALE,May-15-2019,Single Family Residential,16242 NE 30th St,Bellevue,WA,98008,922000,5,3.0,Microsoft,2170,11761,1974,138,425,,Sold,,,http://www.redfin.com/WA/Bellevue/16242-NE-30th-St-98008/home/431742,NWMLS,1434421,N,Y,47.637173,-122.1225619
PAST SALE,August-16-2019,Condo/Co-op,14537 NE 40th St Unit H201,Bellevue,WA,98007,330000,2,1.0,Microsoft,900,191352,1978,45,367,376,Sold,,,http://www.redfin.com/WA/Bellevue/14537-NE-40th-St-98007/unit-H201/home/29175,NWMLS,1490483,N,Y,47.6458337,-122.1465788
PAST SALE,September-27-2019,Condo/Co-op,12700 NE 8th St Unit E105,Bellevue,WA,98005,338000,2,1.0,Bellevue,925,301850,1969,3,365,433,Sold,,,http://www.redfin.com/WA/Bellevue/12700-NE-8th-St-98005/unit-E105/home/61055,NWMLS,1476272,N,Y,47.6180426,-122.1703931
PAST SALE,May-7-2019,Condo/Co-op,10650 NE 9th Pl #1624,Bellevue,WA,98004,1160008,2,1.75,Bellevue,1441,102684,2008,146,805,1200,Sold,,,http://www.redfin.com/WA/Bellevue/10650-NE-9th-Pl-98004/unit-1624/home/77488946,NWMLS,1446447,N,Y,47.6188605,-122.1976576
PAST SALE,July-2-2019,Single Family Residential,10245 NE 23rd St,Bellevue,WA,98004,1948000,4,2.25,Clyde Hill,3460,8959,1953,90,563,,Sold,,,http://www.redfin.com/WA/Bellevue/10245-NE-23rd-St-98004/home/506551,NWMLS,1452846,N,Y,47.630785,-122.2030845
PAST SALE,June-28-2019,Condo/Co-op,14611 NE 51st Pl Unit F4,Bellevue,WA,98007,443000,2,1.75,Overlake,1116,187977,1979,94,397,377,Sold,,,http://www.redfin.com/WA/Bellevue/14611-NE-51st-Pl-98007/unit-F4/home/62624,NWMLS,1456992,N,Y,47.654803,-122.144687
PAST SALE,April-18-2019,Condo/Co-op,3815 131st Ln SE Unit H13,Bellevue,WA,98006,295000,1,1.0,Bellevue,759,263774,1988,165,389,316,Sold,,,http://www.redfin.com/WA/Bellevue/3815-131st-Ln-SE-98006/unit-H13/home/103952868,NWMLS,1425256,N,Y,47.5753646,-122.1655793
PAST SALE,August-6-2019,Condo/Co-op,3905 108th Ave NE Unit B102,Bellevue,WA,98004,413000,2,1.5,Houghton,1054,89599,1979,55,392,448,Sold,,,http://www.redfin.com/WA/Bellevue/3905-108th-Ave-NE-98004/unit-B-102/home/92894583,NWMLS,1469265,N,Y,47.6457593,-122.1959554
PAST SALE,September-19-2019,Condo/Co-op,4152 178th Ln SE #2,Bellevue,WA,98008,515000,2,2.5,South Lake Sammamish,1122,114792,1988,11,459,380,Sold,,,http://www.redfin.com/WA/Bellevue/4152-178th-Ln-SE-98008/unit-2/home/56756,NWMLS,1502347,N,Y,47.570737,-122.1022245
PAST SALE,August-26-2019,Condo/Co-op,14120 NE 7th Pl #4,Bellevue,WA,98007,399950,2,1.75,Bellevue,1057,153905,1975,35,378,308,Sold,,,http://www.redfin.com/WA/Bellevue/14120-NE-7th-Pl-98007/unit-4/home/68237,NWMLS,1483857,N,Y,47.616374,-122.1516363
PAST SALE,March-28-2019,Single Family Residential,2025 104th Ave SE,Bellevue,WA,98004,1270000,4,1.75,Enatai,2020,7592,1956,186,629,,Sold,,,http://www.redfin.com/WA/Bellevue/2025-104th-Ave-SE-98004/home/253177,NWMLS,1410633,N,Y,47.5916128,-122.2018362
PAST SALE,October-25-2018,Condo/Co-op,2500 118th Ave SE #302,Bellevue,WA,98005,382500,2,2.0,Bellevue,885,291529,1990,340,432,366,Sold,,,http://www.redfin.com/WA/Bellevue/2500-118th-Ave-SE-98005/unit-302/home/113230227,NWMLS,1328007,N,Y,47.5879894,-122.1815322
PAST SALE,May-1-2019,Townhouse,1609 163rd Pl NE,Bellevue,WA,98008,963008,4,3.0,Bellevue,2100,75491,2017,152,459,245,Sold,,,http://www.redfin.com/WA/Bellevue/1609-163rd-Pl-NE-98008/unit-G1/home/143457256,NWMLS,1428590,N,Y,47.6248488,-122.1218707
PAST SALE,April-2-2019,Single Family Residential,16544 NE 27th St,Bellevue,WA,98008,665000,3,1.75,Ardmore,1250,7229,1964,181,532,,Sold,,,http://www.redfin.com/WA/Bellevue/16544-NE-27th-St-98008/home/431668,NWMLS,1415820,N,Y,47.6338691,-122.1187654
PAST SALE,May-17-2019,Condo/Co-op,2640 118th Ave SE Unit 7-303,Bellevue,WA,98005,477500,3,2.0,Bellevue,1168,291529,1990,136,409,557,Sold,,,http://www.redfin.com/WA/Bellevue/2640-118th-Ave-SE-98005/unit-7-303/home/5792,NWMLS,1443699,N,Y,47.5870646,-122.1813333
PAST SALE,May-29-2019,Condo/Co-op,10504 NE 32nd Pl Unit G305,Bellevue,WA,98004,355000,1,1.0,Bellevue,812,286423,1980,124,437,345,Sold,,,http://www.redfin.com/WA/Bellevue/10504-NE-32nd-Pl-98004/unit-G305/home/15205,NWMLS,1433166,N,Y,47.6397848,-122.200553
PAST SALE,June-7-2019,Condo/Co-op,300 110th Ave NE #203,Bellevue,WA,98004,545000,1,1.0,Downtown,887,28011,2001,115,614,386,Sold,,,http://www.redfin.com/WA/Bellevue/300-110th-Ave-NE-98004/unit-203/home/36097,NWMLS,1425678,N,Y,47.6133396,-122.193091
PAST SALE,October-26-2018,Condo/Co-op,1620 103rd Ave NE Unit M6,Bellevue,WA,98004,510000,2,2.0,Downtown,1156,343688,1974,339,441,601,Sold,,,http://www.redfin.com/WA/Bellevue/1620-103rd-Ave-NE-98004/unit-M6/home/5250,NWMLS,1336067,N,Y,47.62503,-122.203179
PAST SALE,August-29-2019,Condo/Co-op,3921 108th Ave NE Unit A301,Bellevue,WA,98004,560000,2,1.5,Bellevue,1314,89599,1979,32,426,568,Sold,,,http://www.redfin.com/WA/Bellevue/3921-108th-Ave-NE-98004/unit-A301/home/103954567,NWMLS,1478028,N,Y,47.6457411,-122.1954938
PAST SALE,May-7-2019,Condo/Co-op,14547 NE 40th St Unit J302,Bellevue,WA,98007,380000,2,1.75,Microsoft,1080,191352,1978,146,352,406,Sold,,,http://www.redfin.com/WA/Bellevue/14547-NE-40th-St-98007/unit-J302/home/27930,NWMLS,1429163,N,Y,47.6451877,-122.1461943
PAST SALE,May-8-2019,Single Family Residential,3209 165th Ave SE,Bellevue,WA,98008,835000,3,2.5,Spiritridge,2547,10500,1964,145,328,,Sold,,,http://www.redfin.com/WA/Bellevue/3209-165th-Ave-SE-98008/home/429098,NWMLS,1409195,N,Y,47.5811524,-122.119496
PAST SALE,May-14-2019,Single Family Residential,2056 140th Ter SE,Bellevue,WA,98007,1450000,5,3.25,Lake Hills,3438,11170,2014,139,422,42,Sold,,,http://www.redfin.com/WA/Bellevue/2056-140th-Ter-SE-98007/home/59704046,NWMLS,1432323,N,Y,47.5921812,-122.1526769
PAST SALE,November-29-2018,Single Family Residential,156 160th Place SE,Bellevue,WA,98008,740000,5,2.25,Lake Hills,2310,15534,1958,305,320,,Sold,,,http://www.redfin.com/WA/Bellevue/156-160th-Pl-SE-98008/home/426655,NWMLS,1354490,N,Y,47.6079813,-122.1251242
PAST SALE,July-1-2019,Single Family Residential,3740 135th Ave SE,Bellevue,WA,98006,920000,4,2.5,Eastgate,2270,9315,1958,91,405,,Sold,,,http://www.redfin.com/WA/Bellevue/3740-135th-Ave-SE-98006/home/234501,NWMLS,1454300,N,Y,47.5767259,-122.1594555
PAST SALE,June-10-2019,Single Family Residential,13643 SE 10th St,Bellevue,WA,98005,765000,3,2.75,Bellevue,1620,20050,1986,112,472,,Sold,,,http://www.redfin.com/WA/Bellevue/13643-SE-10th-St-98005/home/508663,NWMLS,1456890,N,Y,47.6010981,-122.156861
PAST SALE,January-30-2019,Townhouse,12170 NE 24th St #211,Bellevue,WA,98005,785000,3,2.5,Bridle Trails,1815,409910,1998,243,433,651,Sold,,,http://www.redfin.com/WA/Bellevue/12170-NE-24th-St-98005/unit-211/home/7332,NWMLS,1391558,N,Y,47.6329088,-122.1769126
PAST SALE,April-30-2019,Single Family Residential,4074 171st Ave SE,Bellevue,WA,98008,965000,5,2.5,West Lake Sammamish,2780,8067,1978,153,347,8,Sold,,,http://www.redfin.com/WA/Bellevue/4074-171st-Ave-SE-98008/home/429152,NWMLS,1425233,N,Y,47.5721528,-122.11221
PAST SALE,August-15-2019,Condo/Co-op,10047 Main St #405,Bellevue,WA,98004,685000,2,1.0,Bellevue,910,46094,2000,46,753,485,Sold,,,http://www.redfin.com/WA/Bellevue/10047-Main-St-98004/unit-405/home/62485,NWMLS,1463771,N,Y,47.6099624,-122.2057089
PAST SALE,November-28-2018,Condo/Co-op,12903 SE 38th St #301,Bellevue,WA,98006,370000,2,1.0,Factoria,758,27070,1995,306,488,403,Sold,,,http://www.redfin.com/WA/Bellevue/12903-SE-38th-St-98006/unit-301/home/31779,NWMLS,1346899,N,Y,47.5753653,-122.1673329
PAST SALE,April-5-2019,Single Family Residential,2629 169th Ave NE,Bellevue,WA,98008,871000,3,1.75,Ardmore,1920,7210,1967,178,454,,Sold,,,http://www.redfin.com/WA/Bellevue/2629-169th-Ave-NE-98008/home/431712,NWMLS,1419965,N,Y,47.6341617,-122.1153662
PAST SALE,August-30-2019,Single Family Residential,3220 162nd Pl SE,Bellevue,WA,98008,1099000,3,2.75,Bellevue,2610,36400,1979,31,421,8,Sold,,,http://www.redfin.com/WA/Bellevue/3220-162nd-Pl-SE-98008/home/428076,NWMLS,1489307,N,Y,47.5801197,-122.1222526
PAST SALE,May-23-2019,Condo/Co-op,2220 132nd Ave SE Unit A306,Bellevue,WA,98005,415000,1,1.0,Woodridge,944,407655,1999,130,440,364,Sold,,,http://www.redfin.com/WA/Bellevue/2220-132nd-Ave-SE-98005/unit-A306/home/63793,NWMLS,1429980,N,Y,47.5900686,-122.1628648
PAST SALE,April-29-2019,Single Family Residential,16714 SE Newport Way,Bellevue,WA,98006,673997,3,1.25,Bellevue,1780,28010,1949,154,379,,Sold,,,http://www.redfin.com/WA/Bellevue/16714-SE-Newport-Way-98006/home/239042,NWMLS,1335280,N,Y,47.5713164,-122.1167849
PAST SALE,July-9-2019,Single Family Residential,1035 151st Ave SE,Bellevue,WA,98007,655000,4,1.75,Lake Hills,1760,8910,1955,83,372,,Sold,,,http://www.redfin.com/WA/Bellevue/1035-151st-Ave-SE-98007/home/425540,NWMLS,1454263,N,Y,47.6000618,-122.138693
PAST SALE,May-31-2019,Condo/Co-op,200 99th Ave NE #38,Bellevue,WA,98004,750000,2,1.75,Downtown,1149,38943,1988,122,653,460,Sold,,,http://www.redfin.com/WA/Bellevue/200-99th-Ave-NE-98004/unit-38/home/6788,NWMLS,1437560,N,Y,47.612966,-122.2078738
PAST SALE,June-21-2019,Condo/Co-op,10819 NE 37th Pl #336,Bellevue,WA,98004,280000,1,1.0,Yarrow,662,497890,1975,101,423,326,Sold,,,http://www.redfin.com/WA/Bellevue/10819-NE-37th-Pl-98004/unit-336/home/25507151,NWMLS,1447683,N,Y,47.6435521,-122.1948317
PAST SALE,May-17-2019,Single Family Residential,3721 130th Ave NE,Bellevue,WA,98005,1350000,4,2.75,Bridle Trails,3244,35951,1968,136,416,12,Sold,,,http://www.redfin.com/WA/Bellevue/3721-130th-Ave-NE-98005/home/430228,NWMLS,1440156,N,Y,47.644151,-122.169072
PAST SALE,June-14-2019,Townhouse,16930 NE 2nd Pl,Bellevue,WA,98008,505325,2,1.5,West Lake Sammamish,1240,1055,1967,108,408,435,Sold,,,http://www.redfin.com/WA/Bellevue/16930-NE-2nd-Pl-98008/home/500746,NWMLS,1448681,N,Y,47.6115443,-122.1153016
PAST SALE,October-19-2018,Single Family Residential,14913 SE 61st Ct,Bellevue,WA,98006,1180000,4,2.5,Bellevue,2520,8355,1984,346,468,,Sold,,,http://www.redfin.com/WA/Bellevue/14913-SE-61st-Ct-98006/home/239306,NWMLS,1358174,N,Y,47.5471587,-122.1405153
PAST SALE,August-28-2019,Single Family Residential,429 167th Ave NE,Bellevue,WA,98008,800000,3,2.25,Bellevue,2350,9114,1957,33,340,,Sold,,,http://www.redfin.com/WA/Bellevue/429-167th-Ave-NE-98008/home/501793,NWMLS,1471238,N,Y,47.6142623,-122.1185695
PAST SALE,January-23-2019,Single Family Residential,2414 161st Ave NE,Bellevue,WA,98008,830000,3,1.75,Bellevue,1893,9525,1957,250,438,,Sold,,,http://www.redfin.com/WA/Bellevue/2414-161st-Ave-NE-98008/home/432847,NWMLS,1380973,N,Y,47.6319731,-122.1252413
PAST SALE,June-11-2019,Townhouse,10504 NE 32nd Pl Unit G-105,Bellevue,WA,98004,390000,1,1.0,Bellevue,812,286423,1980,111,480,332,Sold,,,http://www.redfin.com/WA/Bellevue/10504-NE-32nd-Pl-98004/unit-G105/home/46756,NWMLS,1446567,N,Y,47.6397848,-122.200553
PAST SALE,,Condo/Co-op,177 107th Ave NE #2001,Bellevue,WA,98004,850000,2,2.0,,1427,,1994,,596,,,,,http://www.redfin.com/WA/Bellevue/177-107th-Ave-NE-98004/unit-2001/home/13524,,,N,Y,47.6115888,-122.198151
PAST SALE,June-26-2019,Townhouse,7 Lake Bellevue Dr #202,Bellevue,WA,98005,639000,2,1.75,Bellevue,1558,225610,1979,96,410,613,Sold,,,http://www.redfin.com/WA/Bellevue/7-Lake-Bellevue-Dr-98005/unit-202/home/60131,NWMLS,1458411,N,Y,47.6208258,-122.1819594
PAST SALE,June-14-2019,Condo/Co-op,6051 137th Ave NE #345,Redmond,WA,98052,295000,1,1.0,Redmond,827,437858,1969,108,357,371,Sold,,,http://www.redfin.com/WA/Redmond/6051-137th-Ave-NE-98052/unit-345/home/9526,NWMLS,1423305,N,Y,47.661131,-122.155757
PAST SALE,October-19-2018,Condo/Co-op,11004 NE 11th St #204,Bellevue,WA,98004,498000,1,1.0,Downtown,788,20288,2001,346,632,285,Sold,,,http://www.redfin.com/WA/Bellevue/11004-NE-11th-St-98004/unit-204/home/8580,NWMLS,1359612,N,Y,47.6203624,-122.1932551
PAST SALE,July-30-2019,Single Family Residential,3570 126th Ave NE,Bellevue,WA,98005,1850000,4,3.25,Bridle Trails,4240,14710,1984,62,436,17,Sold,,,http://www.redfin.com/WA/Bellevue/3570-126th-Ave-NE-98005/home/431240,NWMLS,1464765,N,Y,47.6419369,-122.1714581
PAST SALE,March-15-2019,Vacant Land,1071 102nd Pl SE,Bellevue,WA,98004,1516000,0,,Enatai,,14298,,199,,,Sold,,,http://www.redfin.com/WA/Bellevue/1071-102nd-Pl-SE-98004/home/253427,NWMLS,1424503,N,Y,47.600416,-122.204508
PAST SALE,December-20-2018,Single Family Residential,10856 NE 12th St,Bellevue,WA,98004,2900000,5,5.0,Downtown,4491,13197,2018,284,646,,Sold,,,http://www.redfin.com/WA/Bellevue/10856-NE-12th-St-98004/home/506763,NWMLS,1358054,N,Y,47.6214254,-122.1939107
PAST SALE,December-14-2018,Single Family Residential,10351 SE 8th St,Bellevue,WA,98004,2000000,4,3.25,Enatai,3796,10508,2018,290,527,,Sold,,,http://www.redfin.com/WA/Bellevue/10351-SE-8th-St-98004/home/253678,NWMLS,1371317,N,Y,47.6026474,-122.2017255
PAST SALE,July-31-2019,Condo/Co-op,11004 NE 11th St #404,Bellevue,WA,98004,519950,1,,Downtown,788,,2001,61,660,366,Sold,,,http://www.redfin.com/WA/Bellevue/11004-NE-11th-St-98004/unit-404/home/8910,NWMLS,1475892,N,Y,47.6203624,-122.1932551
PAST SALE,,Condo/Co-op,3828 Lake Washington Blvd SE Unit 4D,Bellevue,WA,98006,300000,2,2.0,,880,,1973,,341,,,,,http://www.redfin.com/WA/Bellevue/3828-Lake-Washington-Blvd-SE-98006/unit-4D/home/18055,,,N,Y,47.5752101,-122.1815441
PAST SALE,October-31-2018,Townhouse,379 100th Ave NE Unit B,Bellevue,WA,98004,950000,3,2.5,Downtown,1960,7800,1969,334,485,290,Sold,,,http://www.redfin.com/WA/Bellevue/379-100th-Ave-NE-98004/unit-B/home/103953878,NWMLS,1358176,N,Y,47.6136043,-122.2073945
PAST SALE,November-30-2018,Condo/Co-op,10398 NE 17th St #206,Bellevue,WA,98004,900000,2,2.0,Downtown,1311,38400,2001,304,686,593,Sold,,,http://www.redfin.com/WA/Bellevue/10398-NE-17th-St-98004/unit-206/home/147407579,NWMLS,1368393,N,Y,47.6261393,-122.2022766
PAST SALE,,Condo/Co-op,111 108th Ave NE Unit A310,Bellevue,WA,98004,519000,,1.0,,423,,2000,,1227,,,,,http://www.redfin.com/WA/Bellevue/111-108th-Ave-NE-98004/unit-A310/home/12304567,,,N,Y,47.6107203,-122.1968988
PAST SALE,December-21-2018,Single Family Residential,16364 SE 40th St,Bellevue,WA,98006,686000,3,2.5,Eastgate,2030,14300,1967,283,338,,Sold,,,http://www.redfin.com/WA/Bellevue/16364-SE-40th-St-98006/home/233595,NWMLS,1377163,N,Y,47.5734749,-122.1219178
PAST SALE,November-27-2018,Single Family Residential,3953 153rd Ave SE,Bellevue,WA,98006,680000,4,1.75,Eastgate,1700,5734,1954,307,400,,Sold,,,http://www.redfin.com/WA/Bellevue/3953-153rd-Ave-SE-98006/home/234110,NWMLS,1363635,N,Y,47.573832,-122.1367574
PAST SALE,,Condo/Co-op,10610 NE 9th Pl #1024,Bellevue,WA,98004,1100000,2,2.0,,1441,,2008,,763,,,,,http://www.redfin.com/WA/Bellevue/10610-NE-9th-Pl-98004/unit-1024/home/18657018,,,N,Y,47.6191171,-122.1979122
PAST SALE,December-21-2018,Condo/Co-op,3990 129th Place SE Unit C105,Bellevue,WA,98006,450000,2,1.75,Factoria,1060,93201,1998,283,425,475,Sold,,,http://www.redfin.com/WA/Bellevue/3990-129th-Pl-SE-98006/unit-C105/home/14798,NWMLS,1386562,N,Y,47.5744121,-122.1656372
PAST SALE,July-29-2019,Single Family Residential,1804 126th Ave SE,Bellevue,WA,98005,1450000,4,3.0,Woodridge,2703,9900,1957,63,536,,Sold,,,http://www.redfin.com/WA/Bellevue/1804-126th-Ave-SE-98005/home/508893,NWMLS,1460114,N,Y,47.5945637,-122.1722334
PAST SALE,December-10-2018,Single Family Residential,14920 SE 49th St,Bellevue,WA,98006,1000000,4,3.25,Eaglesmere,3330,11615,1976,294,300,17,Sold,,,http://www.redfin.com/WA/Bellevue/14920-SE-49th-St-98006/home/238706,NWMLS,1382274,N,Y,47.5591524,-122.1406712
PAST SALE,July-19-2019,Single Family Residential,2130 155th Ln SE,Bellevue,WA,98007,787500,3,1.75,Robinswood,1340,8700,1967,73,588,,Sold,,,http://www.redfin.com/WA/Bellevue/155th-Ln-SE-98007/home/427394,NWMLS,1473175,N,Y,47.59025,-122.132521
PAST SALE,November-29-2018,Single Family Residential,5438 154th Ave SE,Bellevue,WA,98006,955000,4,2.5,The Summit,4160,9840,1990,305,230,276,Sold,,,http://www.redfin.com/WA/Bellevue/5438-154th-Ave-SE-98006/home/238462,NWMLS,1358421,N,Y,47.5527424,-122.133655
PAST SALE,,Condo/Co-op,10047 Main St #307,Bellevue,WA,98004,1100000,2,2.0,,1641,,2000,,670,,,,,http://www.redfin.com/WA/Bellevue/10047-Main-St-98004/unit-307/home/60288,,,N,Y,47.6097638,-122.2056083
PAST SALE,July-17-2019,Condo/Co-op,1011 156th Ave NE Unit C217,Bellevue,WA,98007,460000,2,2.0,Crossroads,915,95849,1986,75,503,451,Sold,,,http://www.redfin.com/WA/Bellevue/1011-156th-Ave-NE-98007/unit-C217/home/2068758,NWMLS,1452962,N,Y,47.619172,-122.1335726
PAST SALE,July-18-2019,Single Family Residential,40 151st Pl NE,Bellevue,WA,98007,745000,3,1.75,Lake Hills,1430,8190,1966,74,521,,Sold,,,http://www.redfin.com/WA/Bellevue/40-151st-Pl-NE-98007/home/499704,NWMLS,1472048,N,Y,47.6110518,-122.1378603
PAST SALE,July-19-2019,Single Family Residential,14620 SE 49th St,Bellevue,WA,98006,1263000,5,2.5,Eaglesmere,3400,9752,1976,73,371,17,Sold,,,http://www.redfin.com/WA/Bellevue/14620-SE-49th-St-98006/home/236952,NWMLS,1466221,N,Y,47.5595997,-122.1442237
PAST SALE,July-19-2019,Single Family Residential,6134 147th Pl SE,Bellevue,WA,98006,1326000,5,2.25,Somerset,2370,10072,1982,73,559,,Sold,,,http://www.redfin.com/WA/Bellevue/6134-147th-Pl-SE-98006/home/236988,NWMLS,1473027,N,Y,47.5471562,-122.143389
PAST SALE,,Condo/Co-op,5385 164th Ave SE Unit 10-4,Bellevue,WA,98006,655000,3,2.5,,1879,,1998,,349,,,,,http://www.redfin.com/WA/Bellevue/5385-164th-Ave-SE-98006/unit-10-4/home/71723,,,N,Y,47.5549767,-122.1243845
PAST SALE,July-19-2019,Single Family Residential,2824 W Lake Sammamish Pkwy,Bellevue,WA,98008,2850000,3,3.25,West Lake Sammamish,3080,23321,2001,73,925,,Sold,,,http://www.redfin.com/WA/Bellevue/2824-W-Lake-Sammamish-Pkwy-SE-98008/home/326799,NWMLS,1463601,N,Y,47.5846398,-122.1103885
PAST SALE,July-19-2019,Single Family Residential,4429 149th Ave SE,Bellevue,WA,98006,735000,5,1.75,Eastgate,2800,9638,1955,73,263,,Sold,,,http://www.redfin.com/WA/Bellevue/4429-149th-Ave-SE-98006/home/236833,NWMLS,1471153,N,Y,47.5663531,-122.1422295
PAST SALE,July-24-2019,Single Family Residential,17745 SE 58th Pl,Bellevue,WA,98006,2230000,5,4.25,Lakemont,5070,12341,1999,68,440,35,Sold,,,http://www.redfin.com/WA/Bellevue/17745-SE-58th-Pl-98006/home/419286,NWMLS,1459024,N,Y,47.5502706,-122.1041418
PAST SALE,July-22-2019,Single Family Residential,5692 176th Pl SE,Bellevue,WA,98006,1960000,4,3.5,Lakemont,4410,12426,1996,70,444,35,Sold,,,http://www.redfin.com/WA/Bellevue/5692-176th-Pl-SE-98006/home/418865,NWMLS,1467165,N,Y,47.5518492,-122.1065359
PAST SALE,July-24-2019,Single Family Residential,16535 SE 21st Pl,Bellevue,WA,98008,915000,4,2.25,Phantom Lake,2050,9720,1967,68,446,,Sold,,,http://www.redfin.com/WA/Bellevue/16535-SE-21st-Pl-98008/home/428946,NWMLS,1476995,N,Y,47.5911304,-122.1190123
PAST SALE,July-22-2019,Single Family Residential,6041 155th Ave SE,Bellevue,WA,98006,1700000,5,4.0,The Summit,5070,15191,1999,70,335,286,Sold,,,http://www.redfin.com/WA/Bellevue/6041-155th-Ave-SE-98006/home/236933,NWMLS,1432039,N,Y,47.548107,-122.1340042
PAST SALE,July-25-2019,Single Family Residential,12506 SE 4th Pl,Bellevue,WA,98005,888000,3,2.25,Bellevue,1530,8243,1969,67,580,,Sold,,,http://www.redfin.com/WA/Bellevue/12506-SE-4th-Pl-98005/home/507630,NWMLS,1466470,N,Y,47.6059714,-122.17253
PAST SALE,July-22-2019,Condo/Co-op,14836 SE 16th St #9,Bellevue,WA,98007,500000,2,1.75,Robinswood,1194,93358,1969,70,419,500,Sold,,,http://www.redfin.com/WA/Bellevue/14836-SE-16th-St-98007/unit-9/home/44692,NWMLS,1412488,N,Y,47.5968236,-122.1410473
PAST SALE,July-26-2019,Single Family Residential,3816 130th Ave NE,Bellevue,WA,98005,2450000,5,3.5,Bridle Trails,4793,39708,2006,66,511,,Sold,,,http://www.redfin.com/WA/Bellevue/3816-130th-Ave-NE-98005/home/431078,NWMLS,1474043,N,Y,47.645283,-122.1681318
PAST SALE,July-26-2019,Condo/Co-op,2220 132nd Ave SE Unit A214,Bellevue,WA,98005,619000,2,1.75,Woodridge,1476,407655,1999,66,419,577,Sold,,,http://www.redfin.com/WA/Bellevue/2220-132nd-Ave-SE-98005/unit-A214/home/66216,NWMLS,1482779,N,Y,47.5900686,-122.1628648
PAST SALE,July-26-2019,Single Family Residential,500 176th Ln NE,Bellevue,WA,98008,941000,3,2.75,Bellevue,1800,15960,1977,66,523,,Sold,,,http://www.redfin.com/WA/Bellevue/500-176th-Ln-NE-98008/home/504661,NWMLS,1456289,N,Y,47.6142386,-122.1060604
PAST SALE,July-29-2019,Single Family Residential,16234 SE 48th St,Bellevue,WA,98006,940000,4,2.5,Lakemont,2320,9056,1985,63,405,3,Sold,,,http://www.redfin.com/WA/Bellevue/16234-SE-48th-St-98006/home/238271,NWMLS,1485056,N,Y,47.5604508,-122.1232761
PAST SALE,June-14-2019,Condo/Co-op,500 106th Ave NE #1107,Bellevue,WA,98004,840000,1,1.25,Downtown,1042,105864,2008,108,806,639,Sold,,,http://www.redfin.com/WA/Bellevue/500-106th-Ave-NE-98004/unit-1107/home/21882640,NWMLS,1447404,N,Y,47.6147175,-122.1987009
PAST SALE,January-8-2019,Single Family Residential,2025 173rd Ave NE,Redmond,WA,98052,541000,3,1.5,Microsoft,1030,13503,1965,265,525,,Sold,,,http://www.redfin.com/WA/Redmond/2025-173rd-Ave-NE-98052/home/503437,NWMLS,1347507,N,Y,47.6285945,-122.1105829
PAST SALE,April-30-2019,Townhouse,4002 129th Place SE (Unit 1),Bellevue,WA,98006,1358000,3,3.25,Factoria,2773,,2019,153,490,250,Sold,,,http://www.redfin.com/WA/Bellevue/4002-129th-Pl-SE-98006/home/148355613,NWMLS,1389584,N,Y,47.5715456,-122.1654492
PAST SALE,May-9-2019,Single Family Residential,3802 127th Ave NE,Bellevue,WA,98005,1225000,4,2.75,Bridle Trails,3170,37473,1970,144,386,12,Sold,,,http://www.redfin.com/WA/Bellevue/3802-127th-Ave-NE-98005/home/429887,NWMLS,1420401,N,Y,47.6448784,-122.17081
PAST SALE,December-7-2018,Townhouse,6735 SE Cougar Mountain Wy #1,Bellevue,WA,98006,472500,3,2.5,Lakemont,1185,872942,1995,297,399,253,Sold,,,http://www.redfin.com/WA/Bellevue/6735-SE-Cougar-Mountain-Way-98006/unit-1/home/60802,NWMLS,1379981,N,Y,47.5422235,-122.1271631
PAST SALE,July-15-2019,Single Family Residential,4925 125th Ave SE,Bellevue,WA,98006,810000,5,2.75,Newport Hills,2700,13193,1966,77,300,,Sold,,,http://www.redfin.com/WA/Bellevue/4925-125th-Ave-SE-98006/home/417768,NWMLS,1469107,N,Y,47.5584452,-122.1741711
PAST SALE,July-15-2019,Single Family Residential,16445 SE 16th St,Bellevue,WA,98008,930000,5,2.5,Phantom Lake,2640,11070,1964,77,352,,Sold,,,http://www.redfin.com/WA/Bellevue/16445-SE-16th-St-98008/home/429460,NWMLS,1471767,N,Y,47.5964797,-122.1192605
PAST SALE,December-6-2018,Single Family Residential,16834 SE 43rd St,Bellevue,WA,98006,1550000,6,4.0,Cougar Mountain,5790,16358,2011,298,268,,Sold,,,http://www.redfin.com/WA/Bellevue/16834-SE-43rd-St-98006/home/22497387,NWMLS,1371673,N,Y,47.5688757,-122.1148844
PAST SALE,July-8-2019,Condo/Co-op,300 110th Ave NE #304,Bellevue,WA,98004,630000,1,1.0,Downtown,880,28011,2001,84,716,384,Sold,,,http://www.redfin.com/WA/Bellevue/300-110th-Ave-NE-98004/unit-304/home/27152,NWMLS,1454166,N,Y,47.6133396,-122.193091
PAST SALE,December-10-2018,Single Family Residential,12633 SE 4th Place,Bellevue,WA,98005,982250,4,2.75,Wilburton,2010,7416,1977,294,489,,Sold,,,http://www.redfin.com/WA/Bellevue/12633-SE-4th-Pl-98005/home/507851,NWMLS,1382287,N,Y,47.6055986,-122.1705807
PAST SALE,July-15-2019,Single Family Residential,16034 NE 2nd St,Bellevue,WA,98008,838000,4,2.75,Lake Hills,1820,8250,1958,77,460,,Sold,,,http://www.redfin.com/WA/Bellevue/16034-NE-2nd-St-98008/home/500169,NWMLS,1463957,N,Y,47.6114981,-122.1254972
PAST SALE,July-12-2019,Townhouse,6234 138th Ave NE #203,Redmond,WA,98052,359000,2,1.5,Bridle Trails,1114,437046,1969,80,322,525,Sold,,,http://www.redfin.com/WA/Redmond/6234-138th-Ave-NE-98052/unit-203/home/56221,NWMLS,1456731,N,Y,47.662065,-122.1570841
PAST SALE,August-1-2019,Townhouse,6750 163rd Pl SE Unit A,Bellevue,WA,98006,498940,3,2.5,Lakemont,1504,4724,2003,60,332,20,Sold,,,http://www.redfin.com/WA/Bellevue/6750-163rd-Pl-SE-98006/unit-A/home/72428,NWMLS,1458289,N,Y,47.5405381,-122.1234646
PAST SALE,July-12-2019,Single Family Residential,5246 123rd Ave SE,Bellevue,WA,98006,865800,5,1.75,Newport Hills,2170,11600,1961,80,399,,Sold,,,http://www.redfin.com/WA/Bellevue/5246-123rd-Ave-SE-98006/home/414513,NWMLS,1470365,N,Y,47.5548599,-122.1752527
PAST SALE,July-9-2019,Single Family Residential,17720 SE 40th Pl,Bellevue,WA,98008,4000000,4,4.75,West Lake Sammamish,4643,9067,2007,83,862,,Sold,,,http://www.redfin.com/WA/Bellevue/17720-SE-40th-Pl-98008/home/326377,NWMLS,1461241,N,Y,47.5723127,-122.1036342
PAST SALE,July-25-2019,Townhouse,6673 SE Cougar Mountain Way,Bellevue,WA,98006,700000,3,2.5,Lakemont,1763,1,1995,67,397,502,Sold,,,http://www.redfin.com/WA/Bellevue/6673-SE-Cougar-Mountain-Way-98006/unit-1/home/33491,NWMLS,1466884,N,Y,47.5425113,-122.1271618
PAST SALE,June-27-2019,Condo/Co-op,925 110th Ave NE Ph 09,Bellevue,WA,98004,880000,2,1.75,Downtown,1237,,1998,95,711,756,Sold,,,http://www.redfin.com/WA/Bellevue/925-110th-Ave-NE-98004/unit-09/home/73030,NWMLS,1461718,N,Y,47.6186441,-122.1939813
PAST SALE,,Condo/Co-op,2973 142nd Pl SE Unit 703B,Bellevue,WA,98007,338000,1,1.0,,704,,1994,,480,,,,,http://www.redfin.com/WA/Bellevue/2973-142nd-Pl-SE-98007/unit-703B/home/57380,,,N,Y,47.583767,-122.151745
PAST SALE,July-5-2019,Condo/Co-op,1723 157th Ave NE Unit A206,Bellevue,WA,98008,480000,2,2.0,Crossroads,1187,144795,1979,87,404,560,Sold,,,http://www.redfin.com/WA/Bellevue/1723-157th-Ave-NE-98008/unit-A206/home/63674,NWMLS,1436320,N,Y,47.625752,-122.131543
PAST SALE,July-17-2019,Single Family Residential,16139 SE 45th Ct,Bellevue,WA,98006,1015000,4,2.5,Lakemont,3100,4504,1999,75,327,29,Sold,,,http://www.redfin.com/WA/Bellevue/16139-SE-45th-Ct-98006/home/238497,NWMLS,1467580,N,Y,47.564629,-122.1241181
PAST SALE,July-5-2019,Single Family Residential,325 123rd Pl NE,Bellevue,WA,98005,1115000,5,3.5,Wilburton,2500,6496,1986,87,446,32,Sold,,,http://www.redfin.com/WA/Bellevue/325-123rd-Pl-NE-98005/home/507525,NWMLS,1455424,N,Y,47.6133034,-122.1758798
PAST SALE,December-7-2018,Single Family Residential,1004 147th Ave SE,Bellevue,WA,98007,640000,4,1.75,Lake Hills,1900,7848,1966,297,337,,Sold,,,http://www.redfin.com/WA/Bellevue/1004-147th-Ave-SE-98007/home/426071,NWMLS,1366505,N,Y,47.6009596,-122.1429278
PAST SALE,July-12-2019,Single Family Residential,16907 SE 34th St,Bellevue,WA,98008,950000,3,1.75,Lake Sammamish,2200,9730,1962,80,432,,Sold,,,http://www.redfin.com/WA/Bellevue/16907-SE-34th-St-98008/home/429058,NWMLS,1470626,N,Y,47.5792965,-122.1145002
PAST SALE,July-30-2019,Single Family Residential,1122 140th Ave SE,Bellevue,WA,98005,1250000,4,2.5,Bellevue,3697,14103,2003,62,338,65,Sold,,,http://www.redfin.com/WA/Bellevue/1122-140th-Ave-SE-98005/home/425828,NWMLS,1390176,N,Y,47.600391,-122.1523969
PAST SALE,,Vacant Land,1412 112th Ave NE #200,Bellevue,WA,98004,1152000,,,,,12658,,,,,,,,http://www.redfin.com/WA/Bellevue/1412-112th-Ave-NE-98004/unit-200/home/22649663,,,N,Y,47.6235792,-122.1900069
PAST SALE,December-21-2018,Townhouse,2680 139th Ave SE #30,Bellevue,WA,98005,585000,2,2.25,Bellevue,1100,,1998,283,532,328,Sold,,,http://www.redfin.com/WA/Bellevue/2680-139th-Ave-SE-98005/unit-30/home/3523,NWMLS,1357925,N,Y,47.5861522,-122.1515743
PAST SALE,July-13-2019,Condo/Co-op,12720 NE 10th Pl Unit D206,Bellevue,WA,98005,451000,2,1.75,Wilburton,859,421760,1986,79,525,465,Sold,,,http://www.redfin.com/WA/Bellevue/12720-NE-10th-Pl-98005/unit-D206/home/1922,NWMLS,1469182,N,Y,47.6187269,-122.1710137
PAST SALE,,Single Family Residential,4261 134th Ave SE,Bellevue,WA,98006,1090000,4,2.0,,1880,11384,1968,,580,,,,,http://www.redfin.com/WA/Bellevue/4261-134th-Ave-SE-98006/home/235300,,,N,Y,47.5681938,-122.1624154
PAST SALE,July-3-2019,Single Family Residential,15044 SE 64th St,Bellevue,WA,98006,1340000,3,2.5,Somerset,2690,9270,1986,89,498,,Sold,,,http://www.redfin.com/WA/Bellevue/15044-SE-64th-St-98006/home/237109,NWMLS,1466289,N,Y,47.5463859,-122.1399832
PAST SALE,,Condo/Co-op,140th Ave SE,Bellevue,WA,98005,263000,1,1.0,,642,,1979,,410,,,,,http://www.redfin.com/WA/Bellevue/140th-Ave-SE-98005/home/56450,,,N,Y,47.595684,-122.152083
PAST SALE,June-29-2019,Single Family Residential,6576 163rd Pl SE,Bellevue,WA,98006,1830000,4,3.25,Lakemont,4240,34230,1990,93,432,67,Sold,,,http://www.redfin.com/WA/Bellevue/6576-163rd-Pl-SE-98006/home/419400,NWMLS,1430585,N,Y,47.5432258,-122.1226507
PAST SALE,,Other,16533 SE 45th Pl,Bellevue,WA,98006,700000,,,,,19116,,,,,,,,http://www.redfin.com/WA/Bellevue/16533-SE-45th-Pl-98006/home/22526612,,,N,Y,47.5639446,-122.1193333
PAST SALE,July-23-2019,Single Family Residential,1610 150th Ave SE,Bellevue,WA,98007,720000,3,1.5,Robinswood,1200,10941,1960,69,600,,Sold,,,http://www.redfin.com/WA/Bellevue/1610-150th-Ave-SE-98007/home/426633,NWMLS,1471495,N,Y,47.5960845,-122.1396568
PAST SALE,June-24-2019,Condo/Co-op,10700 NE 4th St #424,Bellevue,WA,98004,799950,1,1.0,Downtown,955,105864,2008,98,838,585,Sold,,,http://www.redfin.com/WA/Bellevue/10700-NE-4th-St-98004/unit-424/home/22807965,NWMLS,1457410,N,Y,47.6143359,-122.1980565
PAST SALE,,Single Family Residential,4127 154th Ave SE,Bellevue,WA,98006,700000,5,1.0,,1780,10000,1954,,393,,,,,http://www.redfin.com/WA/Bellevue/4127-154th-Ave-SE-98006/home/234728,,,N,Y,47.572156,-122.1356149
PAST SALE,July-2-2019,Single Family Residential,13120 SE Newport Way,Bellevue,WA,98006,1375000,5,2.75,Bellevue,3288,11277,1963,90,418,,Sold,,,http://www.redfin.com/WA/Bellevue/13120-SE-Newport-Way-98006/home/234330,NWMLS,1466620,N,Y,47.5700895,-122.1649569
PAST SALE,June-26-2019,Single Family Residential,1805 136th Pl SE,Bellevue,WA,98005,1200000,4,2.5,College Hill,3350,10500,1987,96,358,,Sold,,,http://www.redfin.com/WA/Bellevue/1805-136th-Pl-SE-98005/home/508009,NWMLS,1442246,N,Y,47.5939525,-122.1579415
PAST SALE,June-24-2019,Single Family Residential,5526 166th Pl SE,Bellevue,WA,98006,1316500,4,2.75,Lakemont,3640,10539,1994,98,362,,Sold,,,http://www.redfin.com/WA/Bellevue/5526-166th-Pl-SE-98006/home/419138,NWMLS,1452500,N,Y,47.5546392,-122.1182361
PAST SALE,June-27-2019,Condo/Co-op,14409 NE 30th Pl Unit A23,Bellevue,WA,98007,378000,2,1.0,Microsoft,913,395028,1978,95,414,381,Sold,,,http://www.redfin.com/WA/Bellevue/14409-NE-30th-Pl-98007/unit-A23/home/11427,NWMLS,1456606,N,Y,47.6372728,-122.1465791
PAST SALE,June-24-2019,Single Family Residential,435 140th Ave NE,Bellevue,WA,98005,2099000,4,3.25,Glendale,3820,17176,1953,98,549,,Sold,,,http://www.redfin.com/WA/Bellevue/435-140th-Ave-NE-98005/home/507682,NWMLS,1439590,N,Y,47.6141739,-122.1583521
PAST SALE,,Condo/Co-op,111 108th Ave NE #306,Bellevue,WA,98004,670000,2,2.0,,1017,,2000,,659,,,,,http://www.redfin.com/WA/Bellevue/111-108th-Ave-NE-98004/unit-306/home/22403744,,,N,Y,47.6107203,-122.1968988
PAST SALE,October-26-2018,Single Family Residential,5819 146th Ave SE,Bellevue,WA,98006,930000,4,2.75,Somerset,2590,8954,1981,339,359,,Sold,,,http://www.redfin.com/WA/Bellevue/5819-146th-Ave-SE-98006/home/239920,NWMLS,1337154,N,Y,47.5500165,-122.1453013
PAST SALE,June-21-2019,Single Family Residential,16749 SE 21st Pl,Bellevue,WA,98008,685000,0,,Spiritridge,1280,10815,1961,101,535,,Sold,,,http://www.redfin.com/WA/Bellevue/16749-SE-21st-Pl-98008/home/428686,NWMLS,1480585,N,Y,47.5917384,-122.1163838
PAST SALE,November-15-2018,Single Family Residential,2210 108th Ave SE,Bellevue,WA,98004,1392000,4,2.5,Enatai,3122,15482,1925,319,446,,Sold,,,http://www.redfin.com/WA/Bellevue/2210-108th-Ave-SE-98004/home/510059,NWMLS,1350787,N,Y,47.5906992,-122.1960237
PAST SALE,,Single Family Residential,12605 NE 2nd St,Bellevue,WA,98005,562500,4,2.0,,1650,10935,1963,,341,,,,,http://www.redfin.com/WA/Bellevue/12605-NE-2nd-St-98005/home/509018,,,N,Y,47.6120432,-122.1718481
PAST SALE,,Multi-Family (2-4 Unit),14517 NE 6th Pl,Bellevue,WA,98007,1583000,,,,,10233,1970,,,,,,,http://www.redfin.com/WA/Bellevue/14517-NE-6th-Pl-98007/home/2075776,,,N,Y,47.6155387,-122.1464775
PAST SALE,November-1-2018,Condo/Co-op,10505 SE Cliff Place Unit A,Bellevue,WA,98004,726500,2,1.75,Downtown,1265,17031,1979,333,574,502,Sold,,,http://www.redfin.com/WA/Bellevue/SE-Cliff-Pl-98004/home/2094390,NWMLS,1361493,N,Y,47.608346,-122.199595
PAST SALE,,Vacant Land,16900 SE 38th Pl,Bellevue,WA,98008,200000,,,,,7211,,,,,,,,http://www.redfin.com/WA/Bellevue/16900-SE-38th-Pl-98008/home/22487096,,,N,Y,47.5763075,-122.1131993
PAST SALE,June-24-2019,Single Family Residential,14007 SE 21st Pl,Bellevue,WA,98007,1100000,4,2.5,Bellevue,2611,3932,2011,98,421,67,Sold,,,http://www.redfin.com/WA/Bellevue/14007-SE-21st-Pl-98007/home/40089495,NWMLS,1426677,N,Y,47.5916441,-122.1518919
PAST SALE,October-15-2018,Single Family Residential,11156 SE 66th Ct,Newcastle,WA,98056,1200000,5,2.75,Newcastle,3683,8076,2012,350,326,,Sold,,,http://www.redfin.com/WA/Newcastle/11156-SE-66th-Ct-98056/home/417560,NWMLS,1325295,N,Y,47.5431428,-122.1922254
PAST SALE,October-4-2018,Single Family Residential,16710 SE 59th St,Bellevue,WA,98006,1690000,5,3.25,Lakemont,4410,15250,1995,361,383,,Sold,,,http://www.redfin.com/WA/Bellevue/16710-SE-59th-St-98006/home/418640,NWMLS,1306462,N,Y,47.5493281,-122.1169243
PAST SALE,December-7-2018,Single Family Residential,5768 110th Ave SE,Bellevue,WA,98006,696800,4,2.75,Newcastle,2170,10869,1977,297,321,,Sold,,,http://www.redfin.com/WA/Bellevue/5768-110th-Ave-SE-98006/home/416700,NWMLS,1384890,N,Y,47.5513445,-122.1927381
PAST SALE,December-20-2018,Single Family Residential,6030 113th Place SE,Bellevue,WA,98006,860000,3,2.0,Newport Hills,1980,7345,1990,284,434,,Sold,,,http://www.redfin.com/WA/Bellevue/6030-113th-Pl-SE-98006/home/416454,NWMLS,1380023,N,Y,47.5483669,-122.187793
PAST SALE,December-7-2018,Townhouse,1406 159th Place NE Unit 6.5,Bellevue,WA,98008,939990,3,3.25,Bellevue,2014,1,2018,297,467,319,Sold,,,http://www.redfin.com/WA/Bellevue/1406-140th-Pl-NE-98007/unit-65/home/146225536,NWMLS,1328628,N,Y,47.622811,-122.151312
PAST SALE,December-10-2018,Townhouse,1400 159th Place NE Unit 6.6,Bellevue,WA,98008,978878,3,2.5,Bellevue,1988,1,2018,294,492,319,Sold,,,http://www.redfin.com/WA/Bellevue/1400-159th-Pl-NE-98008/unit-66/home/146225006,NWMLS,1328518,N,Y,47.6242885,-122.1274175
PAST SALE,November-27-2018,Townhouse,1422 159th Place NE Unit 6.2,Bellevue,WA,98008,950055,3,2.5,Bellevue,2014,1,2018,307,472,319,Sold,,,http://www.redfin.com/WA/Bellevue/1422-159th-Pl-NE-98008/unit-62/home/146092762,NWMLS,1316935,N,Y,47.6242885,-122.1274175
PAST SALE,November-21-2018,Townhouse,1430 158th Ct NE Unit 10.6,Bellevue,WA,98008,761113,3,2.25,Bellevue,1578,1,2018,313,482,338,Sold,,,http://www.redfin.com/WA/Bellevue/1430-158th-Ct-NE-98008/unit-106/home/145994957,NWMLS,1306439,N,Y,47.6293433,-122.127891
PAST SALE,November-1-2018,Townhouse,4034 129th Place SE (Unit 5),Bellevue,WA,98006,1329950,2,3.25,Factoria,2306,,2017,333,577,250,Sold,,,http://www.redfin.com/WA/Bellevue/4034-129th-Pl-SE-98006/home/144408332,NWMLS,1221656,N,Y,47.5713143,-122.1655103
PAST SALE,December-27-2018,Condo/Co-op,1420 153rd Ave NE #4608,Bellevue,WA,98007,270000,1,1.0,Crossroads,723,214647,1977,277,373,285,Sold,,,http://www.redfin.com/WA/Bellevue/1420-153rd-Ave-NE-98007/unit-4608/home/15521,NWMLS,1335543,N,Y,47.6228513,-122.1351151
PAST SALE,October-23-2018,Single Family Residential,12514 SE 16th St,Bellevue,WA,98005,1157100,4,2.5,Woodridge,2230,11205,1961,342,519,,Sold,,,http://www.redfin.com/WA/Bellevue/12514-SE-16th-St-98005/home/507254,NWMLS,1363655,N,Y,47.5974017,-122.172863
PAST SALE,December-26-2018,Single Family Residential,16278 SE 31st St,Bellevue,WA,98008,740000,6,3.75,Spiritridge,2220,8079,1966,278,333,,Sold,,,http://www.redfin.com/WA/Bellevue/16278-SE-31st-St-98008/home/428940,NWMLS,1370274,N,Y,47.5825044,-122.122824
PAST SALE,December-27-2018,Single Family Residential,17259 NE 15th St,Bellevue,WA,98008,2300000,5,4.5,East Bellevue,4516,13000,2018,277,509,,Sold,,,http://www.redfin.com/WA/Bellevue/17259-NE-15th-Pl-98008/home/147128444,NWMLS,1364218,N,Y,47.6235457,-122.1080653
PAST SALE,,Single Family Residential,17523 SE 60th St,Bellevue,WA,98006,1450000,5,4.25,,3862,340830,2014,,375,,,,,http://www.redfin.com/WA/Bellevue/17523-SE-60th-St-98006/home/22593283,,,N,Y,47.547492,-122.1058121
PAST SALE,December-12-2018,Condo/Co-op,11011 NE 12th St #102,Bellevue,WA,98004,565000,2,2.0,Downtown,1263,,1992,292,447,580,Sold,,,http://www.redfin.com/WA/Bellevue/11011-NE-12th-St-98004/unit-102/home/147492135,NWMLS,1350541,N,Y,47.6207086,-122.1932633
PAST SALE,December-21-2018,Condo/Co-op,200 99th Ave NE #14,Bellevue,WA,98004,678000,2,1.75,Downtown,1282,38943,1988,283,529,460,Sold,,,http://www.redfin.com/WA/Bellevue/200-99th-Ave-NE-98004/unit-14/home/148043265,NWMLS,1384034,N,Y,47.6130699,-122.2079388
PAST SALE,December-21-2018,Single Family Residential,1619 184th Ave NE,Bellevue,WA,98008,1200000,0,0.5,Tam O'shanter,2400,7350,1968,283,500,,Sold,,,http://www.redfin.com/WA/Bellevue/1619-184th-Ave-NE-98008/home/505358,NWMLS,1396985,N,Y,47.6245868,-122.094622
PAST SALE,,Condo/Co-op,200 99th Ave NE #14,Bellevue,WA,98004,678000,2,1.75,,1282,,1988,,529,,,,,http://www.redfin.com/WA/Bellevue/200-99th-Ave-NE-98004/unit-14/home/7888,,,N,Y,47.612966,-122.2078738
PAST SALE,,Condo/Co-op,200 99th Ave NE #21,Bellevue,WA,98004,700000,2,1.75,,1274,,1988,,549,,,,,http://www.redfin.com/WA/Bellevue/200-99th-Ave-NE-98004/unit-21/home/36575,,,N,Y,47.612966,-122.2078738
PAST SALE,October-1-2018,Single Family Residential,3828 W Lake Sammamish Pkwy SE,Bellevue,WA,98008,2550000,3,2.25,Lake Sammamish,2726,5734,2000,364,935,,Sold,,,http://www.redfin.com/WA/Bellevue/3828-W-Lake-Sammamish-Pkwy-SE-98008/home/326023,NWMLS,1309005,N,Y,47.57564,-122.1104821
PAST SALE,December-21-2018,Single Family Residential,15253 NE 6th St,Bellevue,WA,98007,1246450,4,2.5,Microsoft,3490,10135,2007,283,357,,Sold,,,http://www.redfin.com/WA/Bellevue/15253-NE-6th-St-98007/home/21617674,NWMLS,1388665,N,Y,47.6139287,-122.1358386
PAST SALE,November-8-2018,Single Family Residential,15650 SE 9th St,Bellevue,WA,98008,610000,3,1.75,Lake Hills,1470,7125,1956,326,415,,Sold,,,http://www.redfin.com/WA/Bellevue/15650-SE-9th-St-98008/home/427521,NWMLS,1367313,N,Y,47.602411,-122.1285855
PAST SALE,December-17-2018,Single Family Residential,612 163rd Ave SE,Bellevue,WA,98008,650000,4,1.75,Lake Hills,1540,7300,1956,287,422,,Sold,,,http://www.redfin.com/WA/Bellevue/612-163rd-Ave-SE-98008/home/426966,NWMLS,1382166,N,Y,47.6042465,-122.1228515
PAST SALE,October-26-2018,Single Family Residential,725 164th Ave SE,Bellevue,WA,98008,759950,4,2.25,Lake Hills,1690,10403,1957,339,450,,Sold,,,http://www.redfin.com/WA/Bellevue/725-164th-Ave-SE-98008/home/426625,NWMLS,1357949,N,Y,47.6032275,-122.1220096
PAST SALE,November-21-2018,Single Family Residential,1092 166th Ave SE,Bellevue,WA,98008,959000,4,3.25,Lake Hills,2636,9137,1957,313,364,,Sold,,,http://www.redfin.com/WA/Bellevue/1092-166th-Ave-SE-98008/home/428668,NWMLS,1359625,N,Y,47.6013912,-122.118587
PAST SALE,October-18-2018,Single Family Residential,211 Lake Hills Blvd,Bellevue,WA,98008,850000,4,2.75,Lake Hills,1910,9095,1957,347,445,,Sold,,,http://www.redfin.com/WA/Bellevue/211-Lake-Hills-Blvd-98008/home/428348,NWMLS,1357823,N,Y,47.6073738,-122.1194106
PAST SALE,November-20-2018,Single Family Residential,865 170th Place NE,Bellevue,WA,98008,700000,3,1.75,Lochmoor,1210,8250,1962,314,579,,Sold,,,http://www.redfin.com/WA/Bellevue/865-170th-Pl-NE-98008/home/500903,NWMLS,1370113,N,Y,47.6188264,-122.1135409
PAST SALE,November-29-2018,Single Family Residential,251 174th Place NE,Bellevue,WA,98008,979000,4,2.5,Lochmoor,2450,10404,1972,305,400,,Sold,,,http://www.redfin.com/WA/Bellevue/251-174th-Pl-NE-98008/home/500962,NWMLS,1349891,N,Y,47.6128507,-122.1103656
PAST SALE,,Single Family Residential,1205 165th Ave SE,Bellevue,WA,98008,758000,3,1.0,,1440,7800,1958,,526,,,,,http://www.redfin.com/WA/Bellevue/1205-165th-Ave-SE-98008/home/428682,,,N,Y,47.5995776,-122.120287
PAST SALE,October-5-2018,Multi-Family (2-4 Unit),14509 NE 6th Place,Bellevue,WA,98007,1606000,10,7.25,Bellevue,5014,10241,1970,360,320,175,Sold,,,http://www.redfin.com/WA/Bellevue/14509-NE-6th-Pl-98007/home/2071544,NWMLS,1346993,N,Y,47.6155287,-122.147056
PAST SALE,October-10-2018,Single Family Residential,916 129th Place NE,Bellevue,WA,98005,1595000,6,4.5,Glendale,4500,10500,1964,355,354,,Sold,,,http://www.redfin.com/WA/Bellevue/916-129th-Pl-NE-98005/home/509658,NWMLS,1314313,N,Y,47.6187765,-122.1674172
PAST SALE,December-5-2018,Condo/Co-op,401 100th Ave NE #321,Bellevue,WA,98004,680000,2,2.0,Downtown,1230,74992,1980,299,553,583,Sold,,,http://www.redfin.com/WA/Bellevue/401-100th-Ave-NE-98004/unit-321/home/30976,NWMLS,1379047,N,Y,47.6143918,-122.2076683
PAST SALE,December-14-2018,Townhouse,15741 NE 14th ALY Unit 22.6,Bellevue,WA,98008,987990,3,3.0,Bellevue,1796,1,2018,290,550,319,Sold,,,http://www.redfin.com/WA/Bellevue/15741-NE-14th-Aly-98008/home/147285731,NWMLS,1367376,N,Y,47.6225024,-122.130862
PAST SALE,,Condo/Co-op,10007 NE 12th St #111,Bellevue,WA,98004,810000,2,2.5,,1239,,1981,,654,,,,,http://www.redfin.com/WA/Bellevue/10007-NE-12th-St-98004/unit-111/home/28266,,,N,Y,47.6208529,-122.2062988
PAST SALE,October-12-2018,Townhouse,14870 SE 16th St #6,Bellevue,WA,98007,775000,3,3.0,Robinswood,1726,39251,2003,353,449,375,Sold,,,http://www.redfin.com/WA/Bellevue/14870-SE-16th-St-98007/unit-6/home/146985848,NWMLS,1358034,N,Y,47.5966908,-122.1397496
PAST SALE,,Condo/Co-op,12300 SE 41st Ln,Bellevue,WA,98006,450000,2,2.0,,1008,,1982,,446,,,,,http://www.redfin.com/WA/Bellevue/12300-SE-41st-Ln-98006/home/31775,,,N,Y,47.5715692,-122.1759398
PAST SALE,July-16-2019,Single Family Residential,12612 SE 60th St,Bellevue,WA,98006,755000,3,2.75,Newport Hills,2045,8400,1961,76,369,,Sold,,,http://www.redfin.com/WA/Bellevue/12612-SE-60th-St-98006/home/418109,NWMLS,1468906,N,Y,47.5497,-122.1724991
PAST SALE,July-26-2019,Single Family Residential,6611 118th Ave SE,Bellevue,WA,98006,772000,4,2.5,Newport Hills,2160,11626,1977,66,357,,Sold,,,http://www.redfin.com/WA/Bellevue/6611-118th-Ave-SE-98006/home/415987,NWMLS,1480712,N,Y,47.5435357,-122.1833117
PAST SALE,,Condo/Co-op,4160 Factoria Blvd SE Unit B-106,Bellevue,WA,98006,408000,2,1.0,,1011,,1980,,404,,,,,http://www.redfin.com/WA/Bellevue/4160-Factoria-Blvd-SE-98006/unit-B-106/home/9899,,,N,Y,47.5714189,-122.1680514
PAST SALE,June-11-2019,Single Family Residential,6906 115th Pl SE,Newcastle,WA,98056,800000,4,2.5,Newcastle,2280,7756,1993,111,351,5,Sold,,,http://www.redfin.com/WA/Newcastle/6906-115th-Pl-SE-98056/home/413165,NWMLS,1429070,N,Y,47.5417758,-122.1859181
PAST SALE,,Condo/Co-op,4040 129th Pl SE #18,Bellevue,WA,98006,899950,,,,913,,,,986,,,,,http://www.redfin.com/WA/Bellevue/4040-129th-Pl-SE-98006/unit-18/home/168852724,,,N,Y,47.5712768,-122.1655285
PAST SALE,June-14-2019,Single Family Residential,4753 149th Ave SE,Bellevue,WA,98006,800000,3,2.5,Bellevue,2060,8800,1970,108,388,,Sold,,,http://www.redfin.com/WA/Bellevue/4753-149th-Ave-SE-98006/home/236608,NWMLS,1442132,N,Y,47.5605304,-122.1424097
PAST SALE,June-27-2019,Single Family Residential,14730 SE 45th Ct,Bellevue,WA,98006,1000000,6,3.25,Somerset,2710,8700,1967,95,369,,Sold,,,http://www.redfin.com/WA/Bellevue/14730-SE-45th-Ct-98006/home/240828,NWMLS,1448555,N,Y,47.5644278,-122.1431949
PAST SALE,December-14-2018,Single Family Residential,6119 145th Ct NE,Redmond,WA,98052,1070000,3,2.0,Microsoft,2060,9504,1986,290,519,15,Sold,,,http://www.redfin.com/WA/Redmond/6119-145th-Ct-NE-98052/home/515856,NWMLS,1380982,N,Y,47.661421,-122.1469444
PAST SALE,June-21-2019,Single Family Residential,233 W Lake Sammamish Pkwy SE,Bellevue,WA,98008,1333000,3,3.0,Lake Sammamish,3650,49279,2002,101,365,,Sold,,,http://www.redfin.com/WA/Bellevue/233-W-Lake-Sammamish-Pkwy-SE-98008/home/326789,NWMLS,1413074,N,Y,47.6069854,-122.1136789
PAST SALE,June-21-2019,Single Family Residential,439 168th Ave SE,Bellevue,WA,98008,690000,3,1.0,Lake Hills,1250,8828,1957,101,552,,Sold,,,http://www.redfin.com/WA/Bellevue/439-168th-Ave-SE-98008/home/429557,NWMLS,1454828,N,Y,47.6052485,-122.1173219
PAST SALE,July-12-2019,Single Family Residential,1028 159th Pl SE,Bellevue,WA,98008,890000,3,1.75,Lake Hills,1550,9659,1961,80,574,,Sold,,,http://www.redfin.com/WA/Bellevue/1028-159th-Pl-SE-98008/home/426374,NWMLS,1467265,N,Y,47.600871,-122.1270862
PAST SALE,August-1-2019,Single Family Residential,16018 SE 5th St,Bellevue,WA,98008,760000,4,2.5,Lake Hills,1750,8000,1958,60,434,,Sold,,,http://www.redfin.com/WA/Bellevue/16018-SE-5th-St-98008/home/426453,NWMLS,1483260,N,Y,47.6053329,-122.1252552
PAST SALE,March-1-2019,Vacant Land,2846 105th Ave SE,Beaux Arts,WA,98004,1775000,0,,Beaux Arts Village,,21275,,213,,,Sold,,,http://www.redfin.com/WA/Beaux-Arts-Village/2846-105th-Ave-SE-98004/home/253918,NWMLS,1405983,N,Y,47.5846023,-122.2008795
PAST SALE,July-1-2019,Single Family Residential,16734 SE 46th St,Bellevue,WA,98006,725000,3,1.0,Vuemont,2120,18200,1971,91,342,,Sold,,,http://www.redfin.com/WA/Bellevue/16734-SE-46th-St-98006/home/238735,NWMLS,1451844,N,Y,47.563262,-122.115739
PAST SALE,July-9-2019,Single Family Residential,4854 158th Pl SE,Bellevue,WA,98006,955000,4,2.25,Eaglesmere,2590,7845,1979,83,369,,Sold,,,http://www.redfin.com/WA/Bellevue/4854-158th-Pl-SE-98006/home/237702,NWMLS,1463037,N,Y,47.5581122,-122.1292522
PAST SALE,July-26-2019,Townhouse,4160 178th Ln SE #4,Bellevue,WA,98008,480000,2,2.25,Lake Sammamish,1122,114794,1988,66,428,380,Sold,,,http://www.redfin.com/WA/Bellevue/4160-178th-Ln-SE-98008/unit-4/home/4927,NWMLS,1460335,N,Y,47.5711294,-122.1019317
PAST SALE,August-2-2019,Single Family Residential,15643 SE 43rd St,Bellevue,WA,98006,850000,4,2.75,Eastgate,2360,12918,1967,59,360,,Sold,,,http://www.redfin.com/WA/Bellevue/15643-SE-43rd-St-98006/home/236198,NWMLS,1482972,N,Y,47.5683887,-122.1302607
PAST SALE,July-8-2019,Townhouse,3739 101st Way NE #608,Kirkland,WA,98033,1025000,3,2.5,Yarrow,1890,324522,1994,84,542,450,Sold,,,http://www.redfin.com/WA/Kirkland/3739-101st-Way-NE-98033/unit-608/home/72008,NWMLS,1464412,N,Y,47.6443584,-122.2061838
PAST SALE,,Condo/Co-op,3929 108th Ave NE #102,Bellevue,WA,98004,413000,2,1.0,,1054,,1979,,392,,,,,http://www.redfin.com/WA/Bellevue/3929-108th-Ave-NE-98004/unit-102/home/8777,,,N,Y,47.645878,-122.195751
PAST SALE,July-11-2019,Single Family Residential,17453 SE 40th Pl,Bellevue,WA,98008,1445000,4,2.5,West Lake Sammamish,3430,10509,1922,81,421,,Sold,,,http://www.redfin.com/WA/Bellevue/17453-SE-40th-Pl-98008/home/326041,NWMLS,1437896,N,Y,47.5721489,-122.1059355
PAST SALE,,Condo/Co-op,12517 NE 23rd Pl Unit D-3,Bellevue,WA,98005,499000,2,2.0,,1128,,1979,,442,,,,,http://www.redfin.com/WA/Bellevue/12517-NE-23rd-Pl-98005/unit-D-3/home/15215,,,N,Y,47.631124,-122.1732575
PAST SALE,,Condo/Co-op,14527 NE 40th St Unit G103,Bellevue,WA,98007,345000,2,2.0,,1080,,1978,,319,,,,,http://www.redfin.com/WA/Bellevue/14527-NE-40th-St-98007/unit-G103/home/12225,,,N,Y,47.6456512,-122.1462748
PAST SALE,July-2-2019,Condo/Co-op,14655 NE 32nd St Unit E302,Bellevue,WA,98007,300000,2,1.0,Microsoft,889,,1978,90,337,471,Sold,,,http://www.redfin.com/WA/Bellevue/14655-NE-32nd-St-98007/unit-E302/home/62777,NWMLS,1458919,N,Y,47.638532,-122.1451114
PAST SALE,July-1-2019,Single Family Residential,3406 134th Ave NE,Bellevue,WA,98005,1720000,3,2.5,Bridle Trails,3560,35719,1976,91,483,,Sold,,,http://www.redfin.com/WA/Bellevue/3406-134th-Ave-NE-98005/home/431040,NWMLS,1420384,N,Y,47.6413181,-122.1593598
PAST SALE,July-5-2019,Single Family Residential,4100 118th Ave NE,Kirkland,WA,98033,1675000,4,3.5,Bridle Trails,3080,39305,1988,87,544,,Sold,,,http://www.redfin.com/WA/Kirkland/4100-118th-Ave-NE-98033/home/431060,NWMLS,1468592,N,Y,47.6468739,-122.1820625
PAST SALE,July-30-2019,Condo/Co-op,4415 NE 145th Ave Unit H8,Bellevue,WA,98007,490000,3,2.0,Microsoft,1283,,1980,62,382,549,Sold,,,http://www.redfin.com/WA/Bellevue/4415-145th-Ave-NE-98007/unit-H8/home/40016,NWMLS,1475180,N,Y,47.6500584,-122.1471267
PAST SALE,August-1-2019,Condo/Co-op,14600 NE 32nd St Unit I-21,Bellevue,WA,98007,350000,2,1.5,Microsoft,955,,1976,60,366,362,Sold,,,http://www.redfin.com/WA/Bellevue/14600-NE-32nd-St-98007/unit-I21/home/66923,NWMLS,1473688,N,Y,47.6396239,-122.1444238
PAST SALE,June-14-2019,Single Family Residential,2643 101st Ct NE,Bellevue,WA,98004,2688000,4,4.25,Bellevue,4570,10320,2013,108,588,,Sold,,,http://www.redfin.com/WA/Bellevue/2643-101st-Ct-NE-98004/home/505974,NWMLS,1417495,N,Y,47.6341259,-122.2050871
PAST SALE,June-24-2019,Single Family Residential,12070 NE 24th St,Bellevue,WA,98005,1455000,4,2.5,Bellevue,3480,15030,2007,98,418,,Sold,,,http://www.redfin.com/WA/Bellevue/12070-NE-24th-St-98005/home/12088962,NWMLS,1453667,N,Y,47.6326296,-122.1786344
PAST SALE,June-28-2019,Single Family Residential,2632 107th Ave NE,Bellevue,WA,98004,1499000,3,2.0,Bellevue,1980,10429,1954,94,757,,Sold,,,http://www.redfin.com/WA/Bellevue/2632-107th-Ave-NE-98004/home/506326,NWMLS,1464797,N,Y,47.6345195,-122.197929
PAST SALE,July-31-2019,Single Family Residential,2323 103rd Ave NE,Bellevue,WA,98004,1097500,3,1.5,Bellevue,1600,8540,1952,61,686,,Sold,,,http://www.redfin.com/WA/Bellevue/2323-103rd-Ave-NE-98004/home/506524,NWMLS,1481436,N,Y,47.6317441,-122.2028916
PAST SALE,July-31-2019,Single Family Residential,3703 111th Ave NE,Bellevue,WA,98004,1150000,3,2.75,Bellevue,2690,22054,1983,61,428,7,Sold,,,http://www.redfin.com/WA/Bellevue/3703-111th-Ave-NE-98004/home/460556,NWMLS,1469227,N,Y,47.6447374,-122.1912022
PAST SALE,June-26-2019,Condo/Co-op,12140 NE 24th St #101,Bellevue,WA,98005,826000,4,2.5,Bellevue,1965,409910,1998,96,420,698,Sold,,,http://www.redfin.com/WA/Bellevue/12140-NE-24th-St-98005/unit-101/home/36221,NWMLS,1420489,N,Y,47.6322603,-122.1779861
PAST SALE,May-11-2019,Single Family Residential,10388 NE 21st Pl,Bellevue,WA,98004,950000,3,1.75,West Bellevue,1511,9450,2014,142,629,250,Sold,,,http://www.redfin.com/WA/Bellevue/10388-NE-21st-Pl-98004/home/69353832,NWMLS,1447928,N,Y,47.629936,-122.201942
PAST SALE,,Condo/Co-op,12412 NE 7th Pl #12412,Bellevue,WA,98005,735000,3,2.0,,1433,,1994,,513,,,,,http://www.redfin.com/WA/Bellevue/12412-NE-7th-Pl-98005/unit-12412/home/31803,,,N,Y,47.616837,-122.173593
PAST SALE,,Condo/Co-op,703 136th Pl NE Unit E1,Bellevue,WA,98005,360000,2,2.0,,998,,1980,,361,,,,,http://www.redfin.com/WA/Bellevue/703-136th-Pl-NE-98005/unit-E1/home/70934,,,N,Y,47.6163163,-122.1580071
PAST SALE,June-11-2019,Single Family Residential,15214 SE 2nd Pl,Bellevue,WA,98007,815000,3,2.25,Lake Hills,1440,7955,1962,111,566,,Sold,,,http://www.redfin.com/WA/Bellevue/15214-SE-2nd-Pl-98007/home/426941,NWMLS,1452411,N,Y,47.6081332,-122.1363941
PAST SALE,June-18-2019,Single Family Residential,2245 137th Pl SE,Bellevue,WA,98005,1075000,4,2.75,College Hill,2940,8800,1968,104,366,,Sold,,,http://www.redfin.com/WA/Bellevue/2245-137th-Pl-SE-98005/home/509389,NWMLS,1443099,N,Y,47.5899977,-122.1558292
PAST SALE,June-14-2019,Single Family Residential,10806 SE 16th St,Bellevue,WA,98004,2100000,5,3.5,Enatai,3620,19850,2006,108,580,,Sold,,,http://www.redfin.com/WA/Bellevue/10806-SE-16th-St-98004/home/510666,NWMLS,1427025,N,Y,47.596757,-122.1955891
PAST SALE,June-14-2019,Single Family Residential,12527 SE 14th St,Bellevue,WA,98005,1095000,5,2.5,Woodridge,2230,10194,1961,108,491,,Sold,,,http://www.redfin.com/WA/Bellevue/12527-SE-14th-St-98005/home/506957,NWMLS,1458910,N,Y,47.5985489,-122.1726126
PAST SALE,June-14-2019,Single Family Residential,2307 129th Ave SE,Bellevue,WA,98005,1475000,4,3.25,Woodridge,3240,9977,1982,108,455,,Sold,,,http://www.redfin.com/WA/Bellevue/2307-129th-Ave-SE-98005/home/508406,NWMLS,1443625,N,Y,47.5904202,-122.168403
PAST SALE,June-24-2019,Single Family Residential,1638 172nd Ave NE,Bellevue,WA,98008,699000,3,1.0,Microsoft,1215,7416,1960,98,575,,Sold,,,http://www.redfin.com/WA/Bellevue/1638-172nd-Ave-NE-98008/home/431923,NWMLS,1458042,N,Y,47.6252096,-122.1111733
PAST SALE,July-5-2019,Condo/Co-op,10000 Main St #704,Bellevue,WA,98004,750000,1,1.5,Downtown,703,,2010,87,1067,550,Sold,,,http://www.redfin.com/WA/Bellevue/10000-Main-St-98004/unit-704/home/12437442,NWMLS,1455763,N,Y,47.6104066,-122.2059247
PAST SALE,July-12-2019,Single Family Residential,9804 Lake Washington Blvd NE,Bellevue,WA,98004,2225000,3,2.75,West Bellevue,2560,12000,1956,80,869,,Sold,,,http://www.redfin.com/WA/Bellevue/9804-Lake-Washington-Blvd-NE-98004/home/251368,NWMLS,1476240,N,Y,47.6118368,-122.2098925
PAST SALE,,Single Family Residential,3461 108th Ave SE,Bellevue,WA,98004,600000,3,1.0,,1400,8512,1952,,429,,,,,http://www.redfin.com/WA/Bellevue/3461-108th-Ave-SE-98004/home/510454,,,N,Y,47.5802913,-122.1969061
PAST SALE,July-15-2019,Condo/Co-op,10045 NE 1st St #226,Bellevue,WA,98004,888000,2,1.75,Downtown,1205,54847,1994,77,737,556,Sold,,,http://www.redfin.com/WA/Bellevue/10045-NE-1st-St-98004/unit-226/home/62745,NWMLS,1435564,N,Y,47.6109927,-122.2050151
PAST SALE,,Single Family Residential,317 145th Pl NE,Bellevue,WA,98007,832500,4,2.5,,2180,8364,1962,,382,,,,,http://www.redfin.com/WA/Bellevue/317-145th-Pl-NE-98007/home/500390,,,N,Y,47.6132345,-122.146599
PAST SALE,June-18-2019,Single Family Residential,304 145th Pl NE,Bellevue,WA,98007,825000,4,2.5,Lake Hills,2500,7260,1963,104,330,,Sold,,,http://www.redfin.com/WA/Bellevue/304-145th-Pl-NE-98007/home/500469,NWMLS,1456102,N,Y,47.6128245,-122.1458599
PAST SALE,June-28-2019,Single Family Residential,1233 108th Ave NE,Bellevue,WA,98004,1505000,3,1.5,West Bellevue,1350,9097,1954,94,1115,,Sold,,,http://www.redfin.com/WA/Bellevue/1233-108th-Ave-NE-98004/home/506081,NWMLS,1459111,N,Y,47.6220658,-122.1966439
PAST SALE,February-21-2019,Single Family Residential,1656 168th Ave NE,Bellevue,WA,98008,655000,4,1.0,Bellevue,1100,7280,1960,221,595,,Sold,,,http://www.redfin.com/WA/Bellevue/1656-168th-Ave-NE-98008/home/432449,NWMLS,1406106,N,Y,47.6258252,-122.1164549
PAST SALE,,Condo/Co-op,3503 109th Pl NE #2,Bellevue,WA,98004,447000,2,1.0,,1012,,1975,,442,,,,,http://www.redfin.com/WA/Bellevue/3503-109th-Pl-NE-98004/unit-2/home/62142,,,N,Y,47.6427924,-122.194405
PAST SALE,June-14-2019,Single Family Residential,17340 NE 17 Pl,Bellevue,WA,98008,874999,3,2.5,Bellevue,2100,9509,1983,108,417,,Sold,,,http://www.redfin.com/WA/Bellevue/17340-NE-17th-Pl-98008/home/503710,NWMLS,1450045,N,Y,47.6256725,-122.1064759
PAST SALE,October-15-2018,Townhouse,11032 NE 41st Dr #26,Kirkland,WA,98033,755000,3,2.25,Houghton,1850,519000,1981,350,408,659,Sold,,,http://www.redfin.com/WA/Kirkland/11032-NE-41st-Dr-98033/unit-26/home/37807,NWMLS,1348147,N,Y,47.6466174,-122.1944585
PAST SALE,November-5-2018,Condo/Co-op,401 100th Ave NE #127,Bellevue,WA,98004,820000,2,1.75,West Bellevue,1804,74992,1980,329,455,872,Sold,,,http://www.redfin.com/WA/Bellevue/401-100th-Ave-NE-98004/unit-127/home/44080,NWMLS,1297361,N,Y,47.6143918,-122.2076683
PAST SALE,June-21-2019,Single Family Residential,1840 184th Ave NE,Bellevue,WA,98008,920000,3,2.25,Tam O'shanter,1850,9771,1973,101,497,340,Sold,,,http://www.redfin.com/WA/Bellevue/1840-184th-Ave-NE-98008/home/503143,NWMLS,1479910,N,Y,47.6267126,-122.0925372
PAST SALE,March-1-2019,Single Family Residential,11010 SE 25th St,Bellevue,WA,98004,1153400,4,2.0,Enatai,2057,11200,1976,213,561,,Sold,,,http://www.redfin.com/WA/Bellevue/11010-SE-25th-St-98004/home/510742,NWMLS,1392815,N,Y,47.5881619,-122.19339
PAST SALE,October-10-2018,Single Family Residential,1014 Belfair Rd,Bellevue,WA,98004,3180000,4,3.0,Vuecrest,3240,13347,2013,355,981,26,Sold,,,http://www.redfin.com/WA/Bellevue/1014-Belfair-Rd-98004/home/251685,NWMLS,1342520,N,Y,47.6196948,-122.2074794
PAST SALE,December-11-2018,Condo/Co-op,10000 Main St #307,Bellevue,WA,98004,750000,1,1.25,Downtown,946,18101,2010,293,793,735,Sold,,,http://www.redfin.com/WA/Bellevue/10000-Main-St-98004/unit-307/home/12437641,NWMLS,1381439,N,Y,47.6103502,-122.2059825
PAST SALE,June-14-2019,Condo/Co-op,14636 NE 45th St Unit C5,Bellevue,WA,98007,329900,1,1.0,Microsoft,819,425059,1980,108,403,377,Sold,,,http://www.redfin.com/WA/Bellevue/14636-NE-45th-St-98007/unit-C5/home/29103,NWMLS,1446663,N,Y,47.6501495,-122.1458432
PAST SALE,,Condo/Co-op,3911 Lake Washington Blvd SE Unit A-47,Bellevue,WA,98006,82940,,,,29,,1960,,2860,,,,,http://www.redfin.com/WA/Bellevue/3911-Lake-Washington-Blvd-SE-98006/unit-A-47/home/30748,,,N,Y,47.5753123,-122.1874482
PAST SALE,,Condo/Co-op,3911 Lake Washington Blvd SE Unit A-24,Bellevue,WA,98006,62502,,,,20,,1960,,3125,,,,,http://www.redfin.com/WA/Bellevue/3911-Lake-Washington-Blvd-SE-98006/unit-A-24/home/30990,,,N,Y,47.5753123,-122.1874482
PAST SALE,June-18-2019,Single Family Residential,12857 SE 45th Pl,Bellevue,WA,98006,1410000,5,2.5,Somerset,3160,12693,1961,104,446,50,Sold,,,http://www.redfin.com/WA/Bellevue/12857-SE-45th-Pl-98006/home/240089,NWMLS,1452895,N,Y,47.5638702,-122.1672176
PAST SALE,August-1-2019,Moorage,3911 Lake Washington Blvd SE Unit E-17,Bellevue,WA,98006,150000,0,,Newport Shores,,,1960,60,,92,Sold,,,http://www.redfin.com/WA/Bellevue/3911-Lake-Washington-Blvd-SE-98006/unit-E-17/home/29906,NWMLS,1466288,N,Y,47.5753123,-122.1874482
PAST SALE,November-16-2018,Single Family Residential,12505 SE 15th St,Bellevue,WA,98005,1251000,3,2.0,Woodridge,2230,9900,1959,318,561,,Sold,,,http://www.redfin.com/WA/Bellevue/12505-SE-15th-St-98005/home/509533,NWMLS,1372768,N,Y,47.5978778,-122.1733906
PAST SALE,,Condo/Co-op,805 142nd Pl SE,Bellevue,WA,98007,395000,2,1.5,,1318,,1984,,300,,,,,http://www.redfin.com/WA/Bellevue/805-142nd-Pl-SE-98007/home/73019,,,N,Y,47.6023613,-122.1519318
PAST SALE,July-10-2019,Townhouse,12547 NE 7th Pl,Bellevue,WA,98005,740000,3,2.5,Kelsey Creek,1309,,1994,82,565,524,Sold,,,http://www.redfin.com/WA/Bellevue/12547-NE-7th-Pl-98005/home/49936,NWMLS,1462387,N,Y,47.6167345,-122.1724627
PAST SALE,,Condo/Co-op,3911 Lake Washington Blvd SE Unit A-19,Bellevue,WA,98006,82940,,,,29,,1960,,2860,,,,,http://www.redfin.com/WA/Bellevue/3911-Lake-Washington-Blvd-SE-98006/unit-A-19/home/73976,,,N,Y,47.5753123,-122.1874482
PAST SALE,October-4-2018,Single Family Residential,12504 SE 70th St,Newcastle,WA,98056,750000,4,2.25,Newcastle,2020,8856,1967,361,371,,Sold,,,http://www.redfin.com/WA/Newcastle/12504-SE-70th-St-98056/home/415662,NWMLS,1350839,N,Y,47.5401115,-122.1735241
PAST SALE,June-18-2019,Single Family Residential,4633 149th Ave SE,Bellevue,WA,98006,690000,4,1.75,Eastgate,1910,8250,1955,104,361,,Sold,,,http://www.redfin.com/WA/Bellevue/4633-149th-Ave-SE-98006/home/237659,NWMLS,1465798,N,Y,47.5636506,-122.141993
PAST SALE,October-31-2018,Single Family Residential,9701 SE 7th St,Bellevue,WA,98004,1100000,5,2.0,Meydenbauer,2760,18019,1954,334,399,1,Sold,,,http://www.redfin.com/WA/Bellevue/9701-SE-7th-St-98004/home/253458,NWMLS,1338484,N,Y,47.6027933,-122.2091073
PAST SALE,,Single Family Residential,12931 SE 68th St,Bellevue,WA,98006,350000,4,1.75,,1460,7732,1970,,240,,,,,http://www.redfin.com/WA/Bellevue/12931-SE-68th-St-98006/home/413042,,,N,Y,47.5416706,-122.1666386
PAST SALE,June-14-2019,Single Family Residential,17456 NE 11th St,Bellevue,WA,98008,1095000,4,2.25,Bretton Wood,2100,8640,1972,108,521,,Sold,,,http://www.redfin.com/WA/Bellevue/17456-NE-11th-St-98008/home/503951,NWMLS,1456782,N,Y,47.6194274,-122.1066921
PAST SALE,July-30-2019,Single Family Residential,10210 SE 16th St,Bellevue,WA,98004,2752000,5,6.0,Enatai,5325,20570,2014,62,517,,Sold,,,http://www.redfin.com/WA/Bellevue/10210-SE-16th-St-98004/home/253636,NWMLS,1414488,N,Y,47.5973365,-122.2039
PAST SALE,November-7-2018,Townhouse,12721 SE 41st Place #319,Bellevue,WA,98006,667000,3,2.25,Bellevue,1332,,2000,327,501,426,Sold,,,http://www.redfin.com/WA/Bellevue/12721-SE-41st-Pl-98006/unit-319/home/21873,NWMLS,1368624,N,Y,47.5714475,-122.1700905
PAST SALE,November-30-2018,Unknown,1340 Bellevue Wy SE,Bellevue,WA,98004,1095000,3,3.25,Downtown,2175,2230,2005,304,503,330,Sold,,,http://www.redfin.com/WA/Bellevue/1340-Bellevue-Way-SE-98004/unit-1/home/17075096,NWMLS,1377795,N,Y,47.5983026,-122.1981208
PAST SALE,June-18-2019,Single Family Residential,17004 NE 20th St,Bellevue,WA,98008,925000,4,1.75,Bellevue,2040,7350,1964,104,453,,Sold,,,http://www.redfin.com/WA/Bellevue/17004-NE-20th-St-98008/home/432821,NWMLS,1455198,N,Y,47.627532,-122.1133054
PAST SALE,November-20-2018,Condo/Co-op,10610 NE 9th Pl #627,Bellevue,WA,98004,670000,1,1.0,Downtown,788,102684,2008,314,850,545,Sold,,,http://www.redfin.com/WA/Bellevue/10610-NE-9th-Pl-98004/unit-627/home/18656953,NWMLS,1371410,N,Y,47.6191171,-122.1979122
PAST SALE,November-21-2018,Single Family Residential,2405 138th Ave SE,Bellevue,WA,98005,910000,4,2.0,Bellevue,1720,7500,1956,313,529,,Sold,,,http://www.redfin.com/WA/Bellevue/2405-138th-Ave-SE-98005/home/508882,NWMLS,1371945,N,Y,47.5889633,-122.1568127
PAST SALE,June-17-2019,Single Family Residential,4461 170th Ave SE,Bellevue,WA,98006,1350000,4,2.5,Lakemont,2860,9924,1984,105,472,25,Sold,,,http://www.redfin.com/WA/Bellevue/4461-170th-Ave-SE-98006/home/237077,NWMLS,1448267,N,Y,47.565277,-122.1135757
PAST SALE,,Single Family Residential,10234 Kaylen Pl SE,Bellevue,WA,98004,1220000,3,1.75,,1570,10038,1952,,777,,,,,http://www.redfin.com/WA/Bellevue/10234-Kaylen-Pl-SE-98004/home/253151,,,N,Y,47.597035,-122.202903
PAST SALE,December-24-2018,Single Family Residential,1736 147th Ave SE,Bellevue,WA,98007,745000,4,1.75,Robinswood,1410,7650,1961,280,528,,Sold,,,http://www.redfin.com/WA/Bellevue/1736-147th-Ave-SE-98007/home/427611,NWMLS,1350493,N,Y,47.5945067,-122.1440169
PAST SALE,October-12-2018,Single Family Residential,5922 166th Ave SE,Bellevue,WA,98006,1080000,4,2.5,Lakemont,2940,14547,1994,353,367,34,Sold,,,http://www.redfin.com/WA/Bellevue/5922-166th-Ave-SE-98006/home/419394,NWMLS,1340790,N,Y,47.5500607,-122.1179951
PAST SALE,,Condo/Co-op,2680 139th Ave SE #109,Bellevue,WA,98005,725000,3,2.5,,1767,,1998,,410,,,,,http://www.redfin.com/WA/Bellevue/2680-139th-Ave-SE-98005/unit-109/home/14528,,,N,Y,47.5861522,-122.1515743
PAST SALE,June-18-2019,Single Family Residential,5929 146th Pl SE,Bellevue,WA,98006,1250000,4,2.5,Bellevue,2710,11823,1980,104,461,,Sold,,,http://www.redfin.com/WA/Bellevue/5929-146th-Pl-SE-98006/home/235870,NWMLS,1451271,N,Y,47.5495457,-122.144486
PAST SALE,October-24-2018,Single Family Residential,16228 Main St,Bellevue,WA,98008,715000,3,2.25,Lake Hills,1740,9632,1958,341,411,,Sold,,,http://www.redfin.com/WA/Bellevue/16228-Main-St-98008/home/501010,NWMLS,1325835,N,Y,47.6093893,-122.123355
PAST SALE,October-22-2018,Single Family Residential,10034 NE 22nd St,Bellevue,WA,98004,1850000,5,4.25,Clyde Hill,3550,15473,1953,343,521,,Sold,,,http://www.redfin.com/WA/Bellevue/10034-NE-22nd-St-98004/home/506408,NWMLS,1361917,N,Y,47.630448,-122.205546
PAST SALE,,Condo/Co-op,3420 161st Pl SE #67,Bellevue,WA,98008,670000,4,2.5,,1772,,1981,,378,,,,,http://www.redfin.com/WA/Bellevue/3420-161st-Pl-SE-98008/unit-67/home/47110,,,N,Y,47.5793293,-122.1252457
PAST SALE,November-15-2018,Condo/Co-op,500 106th Ave NE #1801,Bellevue,WA,98004,1525000,2,1.75,Downtown,1927,,2008,319,791,1156,Sold,,,http://www.redfin.com/WA/Bellevue/500-106th-Ave-NE-98004/unit-1801/home/21882862,NWMLS,1355848,N,Y,47.6147175,-122.1987009
PAST SALE,,Single Family Residential,16914 NE 26th Pl,Bellevue,WA,98008,800000,7,2.75,,3780,12635,1966,,212,,,,,http://www.redfin.com/WA/Bellevue/16914-NE-26th-Pl-98008/home/431549,,,N,Y,47.6338414,-122.1139282
PAST SALE,November-15-2018,Single Family Residential,15910 SE 47th Ct,Bellevue,WA,98006,862000,3,2.25,Bellevue,1950,10315,1976,319,442,,Sold,,,http://www.redfin.com/WA/Bellevue/15910-SE-47th-Ct-98006/home/238625,NWMLS,1367221,N,Y,47.5605095,-122.1271856
PAST SALE,June-17-2019,Single Family Residential,18170 SE 41st Pl,Issaquah,WA,98027,3475000,5,4.0,Lake Sammamish,4820,14223,1993,105,721,,Sold,,,http://www.redfin.com/WA/Issaquah/18170-SE-41st-Pl-98027/home/326649,NWMLS,1441843,N,Y,47.5713508,-122.0965965
PAST SALE,,Condo/Co-op,15753 NE 14th Aly,Bellevue,WA,98008,792000,2,2.0,,1378,,,,575,,,,,http://www.redfin.com/WA/Bellevue/15753-NE-14th-Aly-98008/home/167400128,,,N,Y,47.6225027,-122.1308855
PAST SALE,November-20-2018,Condo/Co-op,14150 SE 17th Place Unit B-1,Bellevue,WA,98007,255000,1,1.0,College Hill,642,,1979,314,397,347,Sold,,,http://www.redfin.com/WA/Bellevue/14150-SE-17th-Pl-98007/unit-B-1/home/147297415,NWMLS,1368033,N,Y,47.5957896,-122.1522092
PAST SALE,November-27-2018,Condo/Co-op,14404 NE 31st St Unit K107,Bellevue,WA,98007,305000,2,1.0,Microsoft,889,435710,1978,307,343,458,Sold,,,http://www.redfin.com/WA/Bellevue/14404-NE-31st-St-98007/unit-K107/home/48065,NWMLS,1355522,N,Y,47.6382568,-122.1457644
PAST SALE,December-12-2018,Single Family Residential,5840 155th Ave SE,Bellevue,WA,98006,1360000,5,3.25,The Summit,4324,13193,1988,292,315,276,Sold,,,http://www.redfin.com/WA/Bellevue/5840-155th-Ave-SE-98006/home/235882,NWMLS,1309906,N,Y,47.550046,-122.1326514
PAST SALE,December-18-2018,Condo/Co-op,3033 127th Place SE Unit I-21,Bellevue,WA,98005,425000,2,1.5,Woodridge,1043,90622,1979,286,407,466,Sold,,,http://www.redfin.com/WA/Bellevue/3033-127th-Pl-SE-98005/unit-I21/home/48550,NWMLS,1353910,N,Y,47.5836011,-122.1709791
PAST SALE,July-9-2019,Single Family Residential,10461 SE 23rd St,Bellevue,WA,98004,1553000,3,1.75,Enatai,1800,20278,1952,83,863,,Sold,,,http://www.redfin.com/WA/Bellevue/10461-SE-23rd-St-98004/home/510248,NWMLS,1474679,N,Y,47.5897185,-122.2001058
PAST SALE,,Condo/Co-op,166 140th Pl NE #120,Bellevue,WA,98007,580000,3,2.0,,1763,,1973,,329,,,,,http://www.redfin.com/WA/Bellevue/166-140th-Pl-NE-98007/unit-120/home/38173,,,N,Y,47.611139,-122.150616
PAST SALE,October-19-2018,Single Family Residential,7007 115th Ct SE,Newcastle,WA,98056,880000,4,2.5,Newcastle,2790,5000,2005,346,315,21,Sold,,,http://www.redfin.com/WA/Newcastle/7007-115th-Ct-SE-98056/home/8186791,NWMLS,1357484,N,Y,47.5404891,-122.1875812
PAST SALE,November-15-2018,Single Family Residential,4510 Somerset Dr SE,Bellevue,WA,98006,951000,4,2.5,Somerset,2180,11200,1968,319,436,,Sold,,,http://www.redfin.com/WA/Bellevue/4510-Somerset-Dr-SE-98006/home/236804,NWMLS,1371609,N,Y,47.5647551,-122.1604359
PAST SALE,,Condo/Co-op,13616 NE 7th St Unit E3,Bellevue,WA,98005,380000,2,2.0,,1022,,1980,,372,,,,,http://www.redfin.com/WA/Bellevue/13616-NE-7th-St-98005/unit-E3/home/67360,,,N,Y,47.6165827,-122.1574443
PAST SALE,March-22-2019,Single Family Residential,1066 148th Dr SE,Bellevue,WA,98007,589450,2,1.0,Robinswood,1700,10074,1956,192,347,,Sold,,,http://www.redfin.com/WA/Bellevue/1066-148th-Dr-SE-98007/home/426351,NWMLS,1417685,N,Y,47.6006747,-122.142199
PAST SALE,,Single Family Residential,407 140th Ave NE,Bellevue,WA,98005,1700000,4,2.25,,2430,27878,1977,,700,,,,,http://www.redfin.com/WA/Bellevue/407-140th-Ave-NE-98005/home/509439,,,N,Y,47.613767,-122.1547343
PAST SALE,October-10-2018,Single Family Residential,1001 104th Ave SE,Bellevue,WA,98004,2999950,6,4.75,Enatai,5355,11059,2018,355,560,,Sold,,,http://www.redfin.com/WA/Bellevue/1001-104th-Ave-SE-98004/home/253849,NWMLS,1343382,N,Y,47.6012201,-122.2018151
PAST SALE,March-7-2019,Townhouse,11 143rd Ave SE,Bellevue,WA,98007,589000,2,2.25,Bellevue,1553,153740,1981,207,379,611,Sold,,,http://www.redfin.com/WA/Bellevue/11-143rd-Ave-SE-98007/unit-2/home/29128,NWMLS,1405447,N,Y,47.609804,-122.1479092
PAST SALE,April-19-2019,Single Family Residential,4030 134th Ave SE,Bellevue,WA,98006,1025000,5,2.75,Bellevue,3180,11859,1961,164,322,,Sold,,,http://www.redfin.com/WA/Bellevue/4030-134th-Ave-SE-98006/home/234054,NWMLS,1422216,N,Y,47.5737367,-122.1621789
PAST SALE,May-10-2019,Single Family Residential,4247 135th Pl SE,Bellevue,WA,98006,1092500,5,2.75,Bellevue,3220,11915,1965,143,339,,Sold,,,http://www.redfin.com/WA/Bellevue/4247-135th-Pl-SE-98006/home/234342,NWMLS,1433585,N,Y,47.5711439,-122.1605663
PAST SALE,May-16-2019,Condo/Co-op,14707 NE 44th Pl Unit Q4,Bellevue,WA,98007,400000,2,1.75,Microsoft,1051,,1980,137,381,432,Sold,,,http://www.redfin.com/WA/Bellevue/14707-NE-44th-Pl-98007/unit-Q4/home/8105,NWMLS,1430661,N,Y,47.6497087,-122.1461365
PAST SALE,April-29-2019,Single Family Residential,13700 NE 34th Pl,Bellevue,WA,98005,1560000,5,3.0,Bridle Trails,3520,39960,1980,154,443,25,Sold,,,http://www.redfin.com/WA/Bellevue/13700-NE-34th-Pl-98005/home/430713,NWMLS,1411324,N,Y,47.6418139,-122.1574343
PAST SALE,,Condo/Co-op,6234 138th Ave NE #225,Redmond,WA,98052,262000,1,1.0,,775,,1969,,338,,,,,http://www.redfin.com/WA/Redmond/6234-138th-Ave-NE-98052/unit-225/home/48086,,,N,Y,47.662063,-122.157086
PAST SALE,March-22-2019,Single Family Residential,2046 139th Pl SE,Bellevue,WA,98005,1186000,4,3.0,College Hill,2600,8767,1965,192,456,,Sold,,,http://www.redfin.com/WA/Bellevue/2046-139th-Pl-SE-98005/home/509487,NWMLS,1419257,N,Y,47.5911954,-122.1544607
PAST SALE,October-31-2018,Single Family Residential,13815 SE 45th Place,Bellevue,WA,98006,1200000,3,2.0,Somerset,2780,8700,1977,334,432,,Sold,,,http://www.redfin.com/WA/Bellevue/13815-SE-45th-Pl-98006/home/236529,NWMLS,1359265,N,Y,47.5645082,-122.1552893
PAST SALE,December-28-2018,Single Family Residential,13928 SE 47th St,Bellevue,WA,98006,1550000,4,3.0,Somerset,3205,19584,1977,276,484,,Sold,,,http://www.redfin.com/WA/Bellevue/13928-SE-47th-St-98006/home/239691,NWMLS,1388277,N,Y,47.5606842,-122.1543371
PAST SALE,November-20-2018,Single Family Residential,14112 SE 49th Place,Bellevue,WA,98006,999888,4,2.75,Somerset,2030,8900,1979,314,493,,Sold,,,http://www.redfin.com/WA/Bellevue/14112-SE-49th-Pl-98006/home/237974,NWMLS,1370486,N,Y,47.5596592,-122.1511983
PAST SALE,November-5-2018,Single Family Residential,14150 NE 32nd Place,Bellevue,WA,98007,1688000,4,2.5,Bridle Trails,3750,33636,1986,329,450,92,Sold,,,http://www.redfin.com/WA/Bellevue/14150-NE-32nd-Pl-98007/home/430456,NWMLS,1349680,N,Y,47.6394844,-122.1512764
PAST SALE,October-19-2018,Townhouse,163 140th Place NE,Bellevue,WA,98007,775000,3,2.5,Bellevue,2033,976179,1973,346,381,529,Sold,,,http://www.redfin.com/WA/Bellevue/163-140th-Pl-NE-98007/unit-122J/home/54838,NWMLS,1357795,N,Y,47.6115927,-122.152934
PAST SALE,June-7-2019,Condo/Co-op,14533 NE 30th Pl Unit B13,Bellevue,WA,98007,380000,2,1.0,Microsoft,908,,1978,115,419,381,Sold,,,http://www.redfin.com/WA/Bellevue/14533-NE-30th-Pl-98007/unit-13B/home/70233,NWMLS,1423643,N,Y,47.637349,-122.145774
PAST SALE,,Condo/Co-op,2440 140th Ave NE #1,Bellevue,WA,98005,620000,3,2.0,,1711,,1973,,362,,,,,http://www.redfin.com/WA/Bellevue/2440-140th-Ave-NE-98005/unit-1/home/2595,,,N,Y,47.6328919,-122.1508167
PAST SALE,April-10-2019,Single Family Residential,14717 SE Allen Rd,Bellevue,WA,98006,670000,4,2.0,Eastgate,1370,10495,1954,173,489,,Sold,,,http://www.redfin.com/WA/Bellevue/14717-SE-Allen-Rd-98006/home/233636,NWMLS,1390698,N,Y,47.573919,-122.142624
PAST SALE,,Condo/Co-op,2680 139th Ave SE #4,Bellevue,WA,98005,780000,3,2.5,,1767,,1998,,441,,,,,http://www.redfin.com/WA/Bellevue/2680-139th-Ave-SE-98005/unit-4/home/60565,,,N,Y,47.5861522,-122.1515743
PAST SALE,October-1-2018,Single Family Residential,10502 SE 10th Ct,Bellevue,WA,98004,1102500,4,3.0,Bellevue,2172,4388,2011,364,508,175,Sold,,,http://www.redfin.com/WA/Bellevue/10502-SE-10th-Ct-98004/unit-9/home/40265222,NWMLS,1340050,N,Y,47.6012678,-122.1998899
PAST SALE,March-19-2019,Single Family Residential,4379 150th Ave SE,Bellevue,WA,98006,837500,3,2.25,Eastgate,1795,11200,1954,195,467,,Sold,,,http://www.redfin.com/WA/Bellevue/4379-150th-Ave-SE-98006/home/238693,NWMLS,1401316,N,Y,47.5680226,-122.142491
PAST SALE,June-28-2019,Single Family Residential,4557 135th Ave SE,Bellevue,WA,98006,1623500,5,2.75,Somerset,3530,13717,1973,94,460,,Sold,,,http://www.redfin.com/WA/Bellevue/4557-135th-Ave-SE-98006/home/237960,NWMLS,1458006,N,Y,47.5632197,-122.1605643
PAST SALE,April-22-2019,Townhouse,15821 Northup Way #16,Bellevue,WA,98008,700000,2,2.5,Microsoft,1912,293811,1987,161,366,443,Sold,,,http://www.redfin.com/WA/Bellevue/15821-Northup-Way-98008/unit-16/home/46992,NWMLS,1420070,N,Y,47.6266427,-122.1289255
PAST SALE,,Single Family Residential,16421 NE 13th St,Bellevue,WA,98008,608500,3,1.0,,990,8438,1959,,615,,,,,http://www.redfin.com/WA/Bellevue/16421-NE-13th-St-98008/home/500393,,,N,Y,47.6206776,-122.1207494
PAST SALE,November-15-2018,Single Family Residential,2006 154th Ave SE,Bellevue,WA,98007,765000,3,1.75,Robinswood,1500,9455,1957,319,510,,Sold,,,http://www.redfin.com/WA/Bellevue/2006-154th-Ave-SE-98007/home/426079,NWMLS,1361653,N,Y,47.5927782,-122.1343781
PAST SALE,May-16-2019,Single Family Residential,4402 152nd Pl SE,Bellevue,WA,98006,830000,4,2.25,Eastgate,2208,13720,1973,137,376,3,Sold,,,http://www.redfin.com/WA/Bellevue/4402-152nd-Pl-SE-98006/home/240148,NWMLS,1437992,N,Y,47.5671832,-122.1367092
PAST SALE,December-6-2018,Single Family Residential,815 108th Ave SE,Bellevue,WA,98004,895000,3,1.75,West Bellevue,1840,11800,1949,298,486,,Sold,,,http://www.redfin.com/WA/Bellevue/815-108th-Ave-SE-98004/home/510063,NWMLS,1381820,N,Y,47.6025537,-122.1966715
PAST SALE,April-30-2019,Single Family Residential,461 168th Ave SE,Bellevue,WA,98008,1080000,3,2.5,Lake Hills,1830,10204,1957,153,590,,Sold,,,http://www.redfin.com/WA/Bellevue/461-168th-Ave-SE-98008/home/428295,NWMLS,1422474,N,Y,47.6046114,-122.1170356
PAST SALE,,Single Family Residential,16251 NE 2nd St,Bellevue,WA,98008,760000,3,1.75,,1510,8546,1959,,503,,,,,http://www.redfin.com/WA/Bellevue/16251-NE-2nd-St-98008/home/500489,,,N,Y,47.6113327,-122.1223347
PAST SALE,June-7-2019,Single Family Residential,16810 NE 6th St,Bellevue,WA,98008,775000,3,1.75,Lochmoor,1500,7972,1960,115,517,,Sold,,,http://www.redfin.com/WA/Bellevue/16810-NE-6th-St-98008/home/500863,NWMLS,1457698,N,Y,47.6151984,-122.1164634
PAST SALE,November-8-2018,Single Family Residential,1015 170th Place NE,Bellevue,WA,98008,875000,4,2.0,Bellevue,2120,8462,1963,326,413,,Sold,,,http://www.redfin.com/WA/Bellevue/1015-170th-Pl-NE-98008/home/500357,NWMLS,1360670,N,Y,47.6193225,-122.1129108
PAST SALE,February-28-2019,Single Family Residential,17501 SE 56th St,Bellevue,WA,98006,1100000,3,2.5,Lakemont,2470,9174,1995,214,445,35,Sold,,,http://www.redfin.com/WA/Bellevue/17501-SE-56th-St-98006/home/419324,NWMLS,1401156,N,Y,47.5531413,-122.1064314
PAST SALE,December-28-2018,Single Family Residential,2019 165th Place SE,Bellevue,WA,98008,757500,3,1.75,Phantom Lake,1450,8470,1969,276,522,,Sold,,,http://www.redfin.com/WA/Bellevue/2019-165th-Pl-SE-98008/home/428034,NWMLS,1364441,N,Y,47.5923239,-122.1197051
PAST SALE,May-15-2019,Single Family Residential,16122 SE Newport Way,Bellevue,WA,98006,920000,5,3.0,Bellevue,2480,9600,1963,138,371,,Sold,,,http://www.redfin.com/WA/Bellevue/16122-SE-Newport-Way-98006/home/234454,NWMLS,1434573,N,Y,47.5728406,-122.1251761
PAST SALE,May-30-2019,Single Family Residential,1540 168th Ave NE,Bellevue,WA,98008,760000,3,1.75,Microsoft,1690,7600,1968,123,450,,Sold,,,http://www.redfin.com/WA/Bellevue/1540-168th-Ave-NE-98008/home/432080,NWMLS,1434415,N,Y,47.6240543,-122.1165123
PAST SALE,May-21-2019,Single Family Residential,1406 163rd Pl SE,Bellevue,WA,98008,1150000,4,2.5,Phantom Lake,2104,9638,1977,132,547,40,Sold,,,http://www.redfin.com/WA/Bellevue/1406-163rd-Pl-SE-98008/home/428051,NWMLS,1416562,N,Y,47.5976059,-122.122083
PAST SALE,,Condo/Co-op,5589 Lakemont Blvd SE #1703,Bellevue,WA,98006,400000,1,1.0,,890,,2001,,449,,,,,http://www.redfin.com/WA/Bellevue/5589-Lakemont-Blvd-SE-98006/unit-1703/home/31703,,,N,Y,47.5538125,-122.1256143
PAST SALE,March-11-2019,Single Family Residential,2410 159th Ave NE,Bellevue,WA,98008,825000,3,2.0,Microsoft,1530,11360,1956,203,539,,Sold,,,http://www.redfin.com/WA/Bellevue/2410-159th-Ave-NE-98008/home/432168,NWMLS,1406904,N,Y,47.6319404,-122.1280817
PAST SALE,,Single Family Residential,17417 SE 46th Pl,Bellevue,WA,98006,1150000,4,2.5,,3020,10613,1984,,381,,,,,http://www.redfin.com/WA/Bellevue/17417-SE-46th-Pl-98006/home/235866,,,N,Y,47.5617094,-122.1080476
PAST SALE,March-22-2019,Single Family Residential,2522 161 Ave SE,Bellevue,WA,98008,900000,4,3.0,Spiritridge,1960,8035,1967,192,459,,Sold,,,http://www.redfin.com/WA/Bellevue/2522-161st-Ave-SE-98008/home/429534,NWMLS,1409638,N,Y,47.5875825,-122.1214772
PAST SALE,December-4-2018,Single Family Residential,719 96th Ave SE,Bellevue,WA,98004,9650000,5,5.75,Bellevue,14140,108756,2001,300,682,,Sold,,,http://www.redfin.com/WA/Bellevue/719-96th-Ave-SE-98004/home/143063225,NWMLS,1346040,N,Y,47.6032586,-122.2116081
PAST SALE,,Single Family Residential,4427 138th Ave SE,Bellevue,WA,98006,652457,5,1.75,,4120,8537,1963,,158,,,,,http://www.redfin.com/WA/Bellevue/4427-138th-Ave-SE-98006/home/240380,,,N,Y,47.5666288,-122.1570437
